form	count
и	1664
в	1296
с	737
рис	566
а	506
на	442
по	375
о	299
к	278
из	250
р	242
е	239
ис	215
см	203
от	200
н	188
ног	185
т	182
для	179
не	179
или	143
например	139
д	135
организма	132
мозга	128
м	125
система	121
при	119
э	117
излучением	107
между	105
ответ	105
тела	104
б	100
тело	100
у	99
их	98
во	96
ряд	95
системы	90
диаграмма	89
г	87
канал	86
его	85
через	84
ы	83
й	82
вибрационный	81
ряда	81
ее	80
ткани	79
вибрационного	78
все	77
за	77
структур	77
также	76
ь	76
это	75
до	73
если	73
з	73
со	73
х	73
всех	71
я	71
часть	70
подсознанию	63
человека	63
как	62
мышцы	62
нервы	61
органов	59
структуры	59
части	58
вены	57
только	57
физиологических	57
железы	56
необходимо	56
клеток	55
мозг	55
уровне	55
f	54
связи	54
артерии	53
кровь	53
мне	53
органы	52
но	51
органа	51
основных	51
что	51
управления	50
основные	49
помощью	49
далее	48
другие	48
то	48
время	47
клетки	47
п	47
стр	47
ие	46
др	45
зона	45
крови	45
нерв	45
определения	45
да	44
кишка	44
кишки	44
можно	44
приложение	44
вопрос	43
ка	43
они	43
пбф	43
связь	43
состоит	43
глава	42
цбк	42
которых	41
сплетение	41
телом	41
го	40
код	40
может	40
мышца	40
описание	40
патогенных	40
пример	40
принципу	40
сколько	40
ен	39
же	39
ткань	39
шаг	39
вена	38
внутренней	38
которой	38
пространство	38
v	37
железа	37
измерений	37
них	37
работающий	37
работы	37
сосуды	37
живым	36
которые	36
л	36
навреди	36
окружающим	36
организмам	36
сердца	36
вид	35
ни	35
после	35
вы	34
каналы	34
нервов	34
орган	34
собой	34
узел	34
вопросы	33
диаграмме	33
кости	33
молитвы	33
полости	33
системе	33
так	33
твое	33
вещества	32
волокна	32
ж	32
жидкость	32
ли	32
огня	32
пбк	32
правая	32
причины	32
ре	32
сосудов	32
энергии	32
артерия	31
головного	31
иннервируют	31
области	31
те	31
установки	31
числовой	31
км	30
количество	30
лимфатические	30
нет	30
правой	30
пульса	30
ст	30
узлы	30
более	29
гомеостаз	29
информацию	29
мы	29
повреждений	29
происходит	29
ср	29
ч	29
vg	28
костей	28
нервной	28
пузыря	28
систему	28
спинного	28
сплетения	28
стихий	28
чакрой	28
чакры	28
человек	28
ветви	27
законов	27
которого	27
мин	27
мной	27
оболочки	27
пара	27
принципиальной	27
пузырь	27
создаю	27
чакра	27
затем	26
медицина	26
многомерная	26
нервная	26
он	26
отверстие	26
се	26
среде	26
устранение	26
физического	26
iii	25
вен	25
где	25
земли	25
левая	25
нерва	25
поступает	25
света	25
сознания	25
сред	25
ые	25
ядро	25
белого	24
воздуха	24
есть	24
повреждения	24
под	24
процессов	24
степень	24
теле	24
уд	24
уровнях	24
является	24
ядра	24
двойника	23
дополнительные	23
какие	23
космических	23
который	23
медицины	23
многомерной	23
могут	23
над	23
нижняя	23
поверхности	23
почки	23
раз	23
си	23
ти	23
христианской	23
цнс	23
этап	23
являются	23
агентов	22
ая	22
грудной	22
динамикой	22
кровообращения	22
маятник	22
мочевой	22
находится	22
нераспространением	22
образом	22
определяем	22
организме	22
переходных	22
плавной	22
поврежденной	22
принципиальные	22
проверить	22
рядом	22
тел	22
эпителий	22
этот	22
вакуумно	21
веществ	21
вибрационным	21
воды	21
имеет	21
камней	21
кость	21
многомерный	21
ненарушением	21
ое	21
организм	21
отходят	21
печень	21
половые	21
программ	21
сердце	21
функции	21
эти	21
этих	21
этого	21
эфира	21
без	20
быть	20
вещество	20
выводящий	20
круг	20
лимфы	20
матки	20
ми	20
нервные	20
нервных	20
отверстия	20
печени	20
подробно	20
схема	20
управление	20
ф	20
центр	20
чтобы	20
аорты	19
ва	19
волнах	19
две	19
ем	19
каких	19
какой	19
которая	19
легкие	19
обычно	19
ого	19
очень	19
патологий	19
прямая	19
различают	19
символов	19
символы	19
синус	19
стенки	19
температурой	19
тонких	19
ц	19
c	18
l	18
vb	18
больше	18
вместе	18
внутренних	18
волокон	18
времени	18
ии	18
которую	18
ней	18
относительно	18
поджелудочной	18
пути	18
разрушающей	18
разум	18
сеть	18
следует	18
содержит	18
среднего	18
тканей	18
уровень	18
цвета	18
iv	17
vc	17
анс	17
верхняя	17
внутренние	17
гл	17
глубинные	17
головы	17
гомеостаза	17
господи	17
грыжи	17
здорового	17
им	17
конечностей	17
меридианов	17
находятся	17
носа	17
определение	17
передние	17
прямой	17
путь	17
саморегуляции	17
скелет	17
следующие	17
составляющей	17
тн	17
чувствительные	17
i	16
болезней	16
виде	16
вирусов	16
входят	16
выбора	16
высшим	16
выявление	16
гипофиз	16
дальнейшем	16
доля	16
дополнительную	16
достояние	16
драгоценных	16
желудка	16
желудок	16
желудочка	16
загрязнения	16
иммунной	16
кластерным	16
клетками	16
люди	16
мочевого	16
него	16
нужно	16
ны	16
проток	16
связям	16
состояние	16
твоим	16
твоя	16
того	16
уровня	16
фантом	16
че	16
шлаки	16
щ	16
gi	15
r	15
благослови	15
вибрационных	15
вида	15
возбудителей	15
волны	15
грыжа	15
даруя	15
жидких	15
жительство	15
изображение	15
имеют	15
информационной	15
канала	15
кишку	15
крестом	15
кроме	15
людей	15
мозговой	15
муэс	15
нее	15
нейронов	15
нн	15
оболочка	15
образовавшиеся	15
ов	15
патологии	15
передняя	15
победы	15
полость	15
поэтому	15
православным	15
программы	15
процесс	15
различных	15
связей	15
спаси	15
телами	15
узлов	15
установкой	15
этом	15
b	14
артерий	14
архивного	14
блуждающего	14
вас	14
внутреннего	14
воплощениях	14
второй	14
высший	14
глаза	14
данные	14
де	14
дерева	14
диапазон	14
желудочек	14
жидкости	14
жизни	14
задав	14
защищая	14
ин	14
ич	14
капилляров	14
кармический	14
клеточном	14
маятника	14
маятником	14
мозговых	14
надо	14
повторить	14
половая	14
пр	14
правый	14
примечание	14
природных	14
причин	14
ра	14
ро	14
рядов	14
самоисцелении	14
следующей	14
слой	14
случае	14
совместимость	14
спинной	14
толстой	14
тонкой	14
узла	14
христианам	14
хронических	14
частей	14
частоты	14
ш	14
эксперимента	14
энергетической	14
аннигилирующий	13
брюшной	13
вену	13
верхний	13
высшее	13
головной	13
гормоны	13
грехов	13
группа	13
двух	13
ед	13
ес	13
еще	13
желез	13
желчный	13
извилина	13
имеется	13
ия	13
ко	13
ликвидации	13
методом	13
наиболее	13
ная	13
нижние	13
нижний	13
нос	13
ные	13
обнаружения	13
она	13
определить	13
отдел	13
параганглии	13
пациента	13
позвонков	13
половых	13
помочь	13
правого	13
правое	13
прошу	13
работать	13
сегментов	13
секундомеру	13
систем	13
системах	13
слизистой	13
составить	13
состоят	13
структуре	13
структуру	13
тимус	13
точки	13
три	13
трубы	13
физиологической	13
черепно	13
эта	13
аджна	12
бо	12
большая	12
большой	12
будет	12
ве	12
верхние	12
ветвями	12
вибраций	12
внс	12
волн	12
волне	12
восстанавливающий	12
восстановление	12
вторая	12
глубокие	12
грудные	12
двигательные	12
диаграммы	12
друг	12
желудочки	12
задаем	12
зрительный	12
инграмма	12
информации	12
каждой	12
каналов	12
ки	12
когда	12
контур	12
кровеносные	12
левое	12
левой	12
лет	12
лимфа	12
ль	12
любой	12
мышц	12
начало	12
ножка	12
обмен	12
обмена	12
обновляется	12
оболочкой	12
опорно	12
относятся	12
ошибка	12
полужидких	12
просьбой	12
путем	12
пучок	12
работает	12
равновесия	12
развития	12
сахасрара	12
себя	12
селезенки	12
сетчатки	12
ско	12
соматические	12
сопротивные	12
среды	12
стопы	12
стороны	12
структура	12
сущностей	12
туловища	12
ухо	12
физическое	12
чм	12
энергетических	12
этой	12
ii	11
rp	11
x	11
артерию	11
большие	11
ветвей	11
ви	11
включая	11
всю	11
главные	11
глаз	11
давление	11
дегенерации	11
других	11
ду	11
дух	11
задней	11
задняя	11
значение	11
ив	11
измерения	11
имеются	11
иногда	11
используя	11
коллективного	11
котором	11
которым	11
кровью	11
левого	11
левый	11
легких	11
либо	11
ликвидировать	11
ликвидирующий	11
манипура	11
ментальное	11
место	11
металла	11
мозолистого	11
наружные	11
настоящее	11
несколько	11
ниже	11
об	11
оболочек	11
одного	11
ол	11
органах	11
очаги	11
поджелудочная	11
подсознания	11
построения	11
почек	11
почка	11
поясничные	11
проверьте	11
проклятия	11
протоструктуры	11
работу	11
разума	11
располагается	11
самоисцеления	11
селезенка	11
символ	11
скольких	11
совместимости	11
сознание	11
сок	11
ствол	11
стволовых	11
существования	11
точек	11
устранения	11
физиологические	11
функций	11
ци	11
чем	11
чувством	11
шейный	11
щитовидная	11
ый	11
ьн	11
экспериментатора	11
эндокринная	11
ix	10
s	10
vii	10
viii	10
анахата	10
биокомпьютера	10
болезни	10
борозда	10
бр	10
вибрационными	10
вишудха	10
вначале	10
внутри	10
впадают	10
всем	10
главным	10
глубокого	10
двойник	10
долей	10
доли	10
дыхательная	10
ение	10
живота	10
задние	10
здесь	10
зрения	10
издания	10
ий	10
именно	10
имеющих	10
импульсы	10
ирис	10
искаженных	10
каждого	10
кисти	10
кишечник	10
кожу	10
корешок	10
коры	10
космический	10
костной	10
которое	10
ло	10
малый	10
момент	10
моста	10
мочи	10
мс	10
муладхара	10
мышечной	10
нижней	10
ними	10
нормы	10
общая	10
одной	10
опыт	10
основной	10
относительная	10
очаг	10
пальцев	10
парасимпатические	10
первая	10
первоэлементов	10
передней	10
поврежденных	10
познание	10
покаяния	10
почечная	10
правую	10
предсердие	10
представляет	10
принципиальная	10
протоки	10
прощении	10
работе	10
радиэстезических	10
рядами	10
св	10
свадхистхана	10
сети	10
сжс	10
сис	10
системой	10
слуха	10
соединения	10
сотворения	10
среднее	10
таблицу	10
теменной	10
тонкий	10
установка	10
целом	10
центры	10
чакр	10
чудесных	10
шеи	10
шейные	10
эндокринной	10
энергетического	10
яблока	10
ян	10
ал	9
алгоритм	9
астральным	9
блока	9
большого	9
бронхи	9
виды	9
внутренняя	9
всей	9
гиппокамп	9
глазного	9
глотки	9
даже	9
дополнительная	9
достаточно	9
друга	9
единого	9
ер	9
желчного	9
заблуждений	9
задать	9
записи	9
защиты	9
зоны	9
иа	9
идет	9
идут	9
измерение	9
какова	9
каналами	9
кармическая	9
клапаны	9
книге	9
кода	9
крестцовый	9
кровеносных	9
ментальных	9
мозговая	9
нижних	9
обонятельные	9
образования	9
оно	9
оператора	9
определяется	9
ор	9
органами	9
отходит	9
ошибок	9
поведения	9
подсознание	9
поля	9
поясничных	9
причем	9
проекции	9
просто	9
путей	9
радиэстезическое	9
регуляции	9
результате	9
рэс	9
ряды	9
свою	9
сердечно	9
симптом	9
синусы	9
следующим	9
слоев	9
состав	9
составляет	9
сосуда	9
сосудами	9
сосудистая	9
спжс	9
спинномозговой	9
среди	9
суставов	9
течение	9
тонкие	9
точка	9
ты	9
хрящевых	9
центром	9
частично	9
черепа	9
энергия	9
эфирное	9
ядер	9
a	8
ansmed	8
fср	8
ru	8
tr	8
vi	8
анатомо	8
ат	8
блоков	8
бога	8
болезненных	8
болезнь	8
боли	8
бы	8
вашего	8
венами	8
венозная	8
веной	8
верхней	8
внутреннее	8
волос	8
восстановления	8
всего	8
выделяют	8
выработку	8
высшему	8
грех	8
грудных	8
ди	8
диска	8
дней	8
ель	8
ет	8
защитные	8
зонами	8
излучений	8
инграммы	8
информация	8
использовать	8
каждый	8
каков	8
камень	8
канале	8
капилляры	8
кармического	8
кишечника	8
кластер	8
кожа	8
кожи	8
колебания	8
конечности	8
крестцовые	8
латеральные	8
ле	8
легкое	8
локализация	8
локтевые	8
ма	8
медицине	8
меньше	8
меридиан	8
меридиана	8
меридианы	8
мо	8
мозгового	8
мозговые	8
мышечная	8
мышечного	8
мя	8
название	8
нам	8
настоящего	8
находим	8
некоторые	8
нескольких	8
ное	8
нс	8
обеспечивают	8
ободочная	8
образуют	8
общий	8
одно	8
ой	8
около	8
окончания	8
оператор	8
острых	8
осуществляется	8
пальца	8
пар	8
пары	8
патогенные	8
патология	8
первой	8
первоэлемента	8
передний	8
перекрест	8
пищевод	8
пищевода	8
пищи	8
плечевые	8
подвздошную	8
позвоночника	8
поясничный	8
преддверно	8
причина	8
проверяется	8
пространственное	8
протока	8
проходит	8
работа	8
развитие	8
разуму	8
рассогласование	8
расшифровка	8
рн	8
род	8
сагиттальный	8
свои	8
сектор	8
сзади	8
символом	8
скопления	8
слизистые	8
снятия	8
соединительной	8
соединительные	8
составляют	8
состоящая	8
состоящую	8
спайка	8
спереди	8
сплетении	8
сплетению	8
способом	8
строение	8
структурами	8
сустав	8
твердой	8
творцом	8
толстая	8
точно	8
точность	8
тракт	8
устанавливаем	8
участвует	8
фиолетового	8
формуле	8
частью	8
числового	8
чканал	8
элементов	8
эпифиз	8
эту	8
эфирным	8
ю	8
xii	7
алгоритму	7
анахатой	7
артерией	7
архивный	7
биокальция	7
биолокация	7
бл	7
бляшки	7
богом	7
большую	7
вегетативной	7
венозной	7
венозные	7
видов	7
вкуса	7
возбудитель	7
входит	7
вырабатывающие	7
выяснить	7
геометрических	7
гипофиза	7
глубинная	7
глубинную	7
голове	7
грудино	7
грудная	7
двигательная	7
диагностику	7
длину	7
душа	7
ел	7
желудочно	7
затылочной	7
затылочные	7
имеющий	7
имеющую	7
иммунная	7
имя	7
инграмм	7
инстинктивный	7
интуитивным	7
инфекции	7
инь	7
какая	7
камни	7
капсула	7
капсулы	7
каузальное	7
киста	7
кишечный	7
кишке	7
кластеры	7
кору	7
космические	7
костный	7
кристаллы	7
кроветворная	7
кроветворной	7
кровообращение	7
ликвидация	7
ликвора	7
ме	7
медиальная	7
меридионально	7
многочисленные	7
мною	7
мозжечка	7
мозжечок	7
моих	7
мост	7
мочеиспускательный	7
мышечно	7
мягкой	7
надпочечников	7
находящийся	7
находящуюся	7
начиная	7
нем	7
ним	7
норма	7
ный	7
нь	7
обеспечивает	7
оболочку	7
обоняния	7
обонятельная	7
образование	7
образует	7
образующие	7
общие	7
ог	7
один	7
одна	7
одновременно	7
окружающих	7
оператором	7
определите	7
основа	7
основу	7
ость	7
ответы	7
отростков	7
патогенный	7
пе	7
переходит	7
период	7
перстную	7
пищеварения	7
пнс	7
поверхностные	7
поверхность	7
поврежденного	7
подвздошные	7
позвонками	7
полностью	7
половой	7
понятий	7
поперечно	7
пояса	7
поясная	7
предсердно	7
приводит	7
принципиальных	7
причиной	7
причину	7
проведения	7
проводящие	7
проводящих	7
простаты	7
проходят	7
пузыре	7
различные	7
разных	7
речи	7
самодиагностика	7
свод	7
свода	7
связки	7
силы	7
симпатические	7
соединительная	7
соответствующих	7
спайки	7
ствола	7
стенках	7
сти	7
стимулирует	7
стрессово	7
структурах	7
суставные	7
сухожильные	7
сущности	7
тканью	7
тогда	7
той	7
том	7
точности	7
тр	7
тыльно	7
ть	7
улитковый	7
участвуют	7
уязвимости	7
форменных	7
форму	7
формы	7
хрящ	7
хрящевой	7
чи	7
число	7
чревного	7
элементы	7
энергетические	7
эпителия	7
ig	6
xi	6
ан	6
аналогичные	6
аппарат	6
артериальная	6
бактерий	6
бедра	6
блок	6
блоке	6
борозды	6
венам	6
вене	6
венулы	6
верхних	6
верхнюю	6
весь	6
вибрации	6
вибрационные	6
включает	6
вкусовые	6
возбудители	6
восстановить	6
вселенной	6
всеми	6
высокой	6
высшего	6
выходят	6
выше	6
выявления	6
гельминтов	6
гельминтовый	6
ги	6
гипоталамус	6
глубинной	6
глубинных	6
гормонов	6
гортани	6
грудного	6
грыж	6
данный	6
дают	6
два	6
двигательный	6
движения	6
действия	6
дисков	6
длины	6
днк	6
дополнительно	6
дыхания	6
железой	6
жизнь	6
жировой	6
заболевания	6
заданного	6
заднесрединный	6
задний	6
заполняет	6
заряжаю	6
затылочная	6
зи	6
знак	6
зон	6
изгиб	6
инфильтрат	6
искаженные	6
кисты	6
кл	6
клапан	6
клапана	6
кластеру	6
клетка	6
книги	6
костного	6
которыми	6
красного	6
крестцовых	6
ку	6
легочные	6
лейкоциты	6
лимфатических	6
лимфоцитов	6
лимфоциты	6
линии	6
лучевой	6
лы	6
малоберцовые	6
малые	6
манипурой	6
межжелудочковой	6
межпозвоночных	6
меня	6
места	6
местом	6
множество	6
надпочечники	6
наложения	6
наружная	6
находящиеся	6
начинается	6
наш	6
негативных	6
неосознанных	6
непостоянные	6
нижнего	6
ния	6
носовая	6
нравственного	6
обе	6
обеспечивающие	6
область	6
ободочной	6
образованием	6
образуется	6
одиночных	6
ок	6
ом	6
опыта	6
организму	6
особенно	6
осознанных	6
отклонений	6
отклонения	6
относят	6
отростки	6
очередь	6
па	6
перикарда	6
пищеварительной	6
повреждена	6
погрешности	6
полая	6
поле	6
полоска	6
полудрагоценных	6
полушария	6
помощь	6
почечные	6
праалфавит	6
правило	6
предсердия	6
представлены	6
привратник	6
приложении	6
примере	6
провести	6
продолговатый	6
пространстве	6
пыль	6
разумом	6
резонансно	6
ресничного	6
ретикулярной	6
ри	6
роговицы	6
рук	6
ры	6
самодиагностики	6
своего	6
своей	6
сделанных	6
секрет	6
симпатическая	6
слоя	6
собственно	6
современной	6
соединений	6
сознанием	6
сосцевидное	6
сп	6
спинномозговых	6
способность	6
стенок	6
структурные	6
суставных	6
сфинктер	6
та	6
табл	6
тазовые	6
тесно	6
техника	6
тканях	6
тонкими	6
торможения	6
трение	6
третья	6
трех	6
тромбоз	6
углубление	6
угол	6
участка	6
участке	6
участки	6
ферменты	6
фигуры	6
физическом	6
форме	6
формируют	6
функцию	6
центральная	6
центральный	6
циркуляции	6
час	6
часто	6
чужеродных	6
шишковидное	6
щитовидной	6
экспресс	6
энергоинформационный	6
этим	6
яко	6
max	5
min	5
p	5
www	5
абсолютная	5
агента	5
аз	5
аминь	5
аппарата	5
артериальных	5
артериолы	5
астральное	5
бедренная	5
безопасности	5
белки	5
биокомпьютер	5
биокомпьютере	5
биологически	5
блуждающих	5
боль	5
большеберцовые	5
больших	5
брюшное	5
будут	5
букв	5
вверх	5
вегетативная	5
верхнего	5
вилочковая	5
вн	5
внимание	5
воздухом	5
воплощении	5
впадающие	5
вся	5
выясняем	5
гиппокампа	5
гиппокампе	5
глазные	5
глоточные	5
глубоких	5
голени	5
горе	5
грехи	5
гриппоподобные	5
группы	5
дает	5
данного	5
данной	5
данном	5
двенадцатиперстная	5
двигательном	5
движение	5
двумя	5
делятся	5
десятки	5
диафрагмы	5
дне	5
духовное	5
дыхательной	5
еск	5
жел	5
железами	5
желудочков	5
желудочкового	5
желчь	5
женские	5
животных	5
заболеваний	5
задавая	5
заключается	5
записать	5
зачатия	5
защитных	5
землей	5
зн	5
знаний	5
зрительные	5
ида	5
изображением	5
изучены	5
ик	5
ими	5
иммунитет	5
исключением	5
использования	5
источник	5
источников	5
ит	5
каждая	5
каждую	5
канальцы	5
каузальном	5
кислот	5
кластерно	5
клеткам	5
компонентов	5
контролирует	5
костная	5
которому	5
кровоснабжают	5
крупные	5
латеральной	5
левую	5
легкого	5
легочных	5
лежит	5
лейкоцитов	5
лечения	5
ликвидируются	5
лицевой	5
лобной	5
локтевых	5
лопатка	5
любого	5
людьми	5
матка	5
маточной	5
медиальные	5
мелких	5
метода	5
методике	5
методы	5
миндалевидное	5
миндалины	5
модель	5
мозжечковая	5
мой	5
молочные	5
момента	5
мочевом	5
мочеполовая	5
мужские	5
муладхарой	5
мышечную	5
надпочечник	5
названия	5
называется	5
наименование	5
направляются	5
наружного	5
наружный	5
настоящем	5
нервами	5
нервную	5
нерву	5
ние	5
нижнюю	5
новые	5
новых	5
нормального	5
носовой	5
обеспечении	5
обл	5
областях	5
оболочке	5
образованию	5
образованы	5
обратиться	5
обратной	5
общую	5
объема	5
оз	5
окружающей	5
оп	5
организмом	5
основная	5
остальные	5
осязания	5
отдела	5
отдельно	5
отдельных	5
отделяет	5
относится	5
отрицательных	5
отходящих	5
пазухи	5
параметры	5
паращитовидных	5
парные	5
патогенного	5
первоначального	5
первых	5
перед	5
периода	5
перстной	5
петля	5
пирамид	5
пищеварительная	5
пищевой	5
плазмы	5
плечевой	5
повреждение	5
поврежденные	5
погрешность	5
подвздошная	5
поднижнечелюстной	5
подразделяется	5
позвонка	5
позвонки	5
позвонок	5
позвоночный	5
половины	5
полой	5
полоски	5
полушарий	5
полую	5
помещается	5
попадают	5
постоянно	5
построении	5
почке	5
поясничного	5
праалфавита	5
правом	5
представляют	5
предстательной	5
прежде	5
преимущественно	5
проверка	5
проводится	5
программу	5
продолговатого	5
продолжение	5
промежуточного	5
простейших	5
процессах	5
процессе	5
процессы	5
пучки	5
радиэстезическим	5
радужку	5
разветвляющийся	5
разнообразных	5
расположены	5
рассмотреть	5
реальной	5
ретикулярная	5
рога	5
родов	5
рост	5
ротовой	5
са	5
свадхистаной	5
секреции	5
семи	5
сердечному	5
серозной	5
силам	5
символа	5
симптомов	5
слизи	5
слизистая	5
слизистых	5
слуховых	5
совокупность	5
соединяет	5
соединяются	5
соматической	5
сонная	5
сонные	5
соответствии	5
составления	5
составляющих	5
состояния	5
состоящее	5
сосудистой	5
сосцевидные	5
спины	5
средний	5
средних	5
стенке	5
стихии	5
строке	5
счет	5
ся	5
таким	5
таламус	5
там	5
тимуса	5
тонкого	5
тонкоматериальном	5
тонкоматериальных	5
тот	5
травмы	5
трахея	5
уже	5
уп	5
управляемые	5
условное	5
установках	5
установку	5
устранить	5
устраняем	5
уха	5
участков	5
ушной	5
форма	5
функционирования	5
холестерина	5
хрусталика	5
хрящевого	5
центров	5
цифры	5
ча	5
часов	5
частях	5
человеком	5
череп	5
шар	5
щель	5
ыш	5
ья	5
эмоции	5
энергетический	5
энергией	5
эпителиальной	5
эфирного	5
яблоки	5
яичко	5
яичника	5
яремные	5
e	4
ав	4
аксоны	4
активные	4
альвеолы	4
ампулу	4
аневризма	4
аннигилировать	4
аорта	4
аппендикс	4
астральных	4
ауральных	4
аю	4
бацилла	4
бедренные	4
белое	4
бифуркации	4
благодаря	4
блуждающий	4
бог	4
божий	4
бокового	4
боковые	4
больных	4
большое	4
бронхиол	4
бронхов	4
брыжеечные	4
брыжеечный	4
брюшины	4
будущего	4
был	4
были	4
быстро	4
вам	4
варолиев	4
венозную	4
верхнее	4
взаимодействие	4
вибрационном	4
вие	4
височная	4
височной	4
вишудхой	4
влагалище	4
внешней	4
внимательно	4
внутренний	4
внутренностные	4
внутреннюю	4
водопровод	4
возвращается	4
воздействие	4
возникают	4
возникновения	4
волокнами	4
ворота	4
впадает	4
вр	4
всегда	4
всецарице	4
вследствие	4
входящих	4
вызывает	4
выпадает	4
выполняют	4
выпуски	4
выпячивание	4
вырабатываемая	4
вырабатывает	4
высшие	4
выхода	4
выходящие	4
выявляем	4
газообмен	4
ге	4
гиса	4
глазодвигательный	4
гнойном	4
голубого	4
гортань	4
гр	4
грипп	4
губы	4
данным	4
двигательного	4
двигательной	4
движений	4
делается	4
диагностике	4
диаметр	4
дняя	4
добавочный	4
долг	4
дольки	4
долю	4
дополнительных	4
другого	4
дуги	4
духовного	4
духовным	4
душевным	4
ев	4
единый	4
енн	4
еси	4
еч	4
железах	4
желтое	4
женщин	4
женщина	4
зависимости	4
задается	4
заднюю	4
записывается	4
запись	4
запишите	4
затылочный	4
зубов	4
зы	4
ид	4
идентифицируем	4
извитой	4
излучающий	4
излучения	4
изнутри	4
изображен	4
инграмму	4
инстинктивным	4
инсулиновая	4
инф	4
инфекция	4
ио	4
итак	4
каждом	4
каком	4
каменистый	4
камеры	4
каналах	4
каналец	4
кармических	4
каузального	4
каузальным	4
качестве	4
кем	4
кислотно	4
ких	4
ключично	4
кого	4
коде	4
коду	4
колено	4
коллективный	4
комок	4
комплекса	4
конец	4
конечность	4
конечных	4
косая	4
космическим	4
костями	4
кр	4
краевой	4
красный	4
крестцового	4
кровеносными	4
кровяное	4
куда	4
кщр	4
латеральная	4
латеральный	4
левые	4
легочный	4
ликвором	4
лимфатического	4
лицевые	4
лобковая	4
лобная	4
лобные	4
луковицы	4
луч	4
лучше	4
медиальной	4
межклеточного	4
мелкие	4
мен	4
ментального	4
местах	4
механизм	4
миндалин	4
мл	4
млн	4
мм	4
множеств	4
мозге	4
моноциты	4
мочеиспускательного	4
мочеиспускательном	4
му	4
мужчина	4
мысли	4
наблюдается	4
нади	4
нами	4
направление	4
направляется	4
наружное	4
наружной	4
нас	4
нашего	4
нашем	4
недостаточно	4
нейроны	4
нейтрофилы	4
некоторое	4
непарный	4
непосредственно	4
нижнее	4
ник	4
нисходящей	4
нисходящую	4
нога	4
ноги	4
носовые	4
оболочками	4
оболочках	4
обонятельный	4
обонятельных	4
образована	4
образующих	4
образуя	4
общее	4
одним	4
определенный	4
определяет	4
ос	4
оставшиеся	4
острое	4
ответе	4
отвечающая	4
отделы	4
отросток	4
отчество	4
оч	4
очаге	4
паращитовидные	4
патогенной	4
паутинной	4
паховые	4
пациентом	4
первичной	4
первую	4
первые	4
первый	4
перегородки	4
передает	4
передачи	4
переднесрединный	4
перемещение	4
периферическая	4
печеночные	4
печеночный	4
печенью	4
пи	4
питательных	4
пластинка	4
пластинок	4
плеча	4
плода	4
повреждены	4
повторяется	4
поджелудочный	4
подошвах	4
подпаутинное	4
подпись	4
подсознании	4
позволяют	4
позвоночник	4
пол	4
положения	4
положительной	4
полукружные	4
получить	4
пользоваться	4
поперечный	4
порядка	4
последствия	4
постоянства	4
поступают	4
поступления	4
потом	4
появления	4
правому	4
практически	4
превращаются	4
преддверие	4
предплюсны	4
представлен	4
приводится	4
примеры	4
принципиальную	4
природного	4
проверяем	4
программе	4
программном	4
продукты	4
промежуточный	4
проникают	4
протоков	4
пучка	4
пятно	4
работой	4
рабочую	4
радиэстезической	4
радужки	4
разветвляется	4
разные	4
разрез	4
разрушают	4
разрушенные	4
раковина	4
раковые	4
располагаются	4
расширение	4
расширения	4
реакции	4
реакций	4
реакцию	4
ребер	4
регулирует	4
резонансов	4
рекомендуется	4
ресничным	4
ретикулоэндотелиальная	4
решетчатой	4
родового	4
роль	4
рубцы	4
ряду	4
самый	4
светлые	4
светлым	4
свой	4
связаны	4
связях	4
сделать	4
сегментарные	4
сегменты	4
сектора	4
сердечные	4
сердцу	4
серое	4
сетью	4
символами	4
симпатического	4
симптомы	4
системами	4
скачков	4
скелетной	4
следующих	4
слезные	4
слияния	4
слое	4
смерти	4
сначала	4
снова	4
содержание	4
содержат	4
содержащая	4
содержащие	4
соединительнотканной	4
соединительнотканные	4
соединяется	4
создавая	4
создаем	4
создается	4
солитон	4
солнечное	4
составляем	4
составляется	4
составляющие	4
состоянии	4
состояний	4
состоящей	4
сочленение	4
сперматозоидов	4
спермы	4
спинномозговые	4
средней	4
средняя	4
средой	4
срывов	4
сс	4
стволы	4
стекловидное	4
стенками	4
степени	4
строк	4
су	4
сумму	4
суставной	4
суставы	4
существуют	4
таблица	4
таблицы	4
таки	4
таких	4
телу	4
тем	4
трав	4
тракта	4
трахеи	4
третий	4
тромб	4
труб	4
тыльной	4
тяжелая	4
углеводы	4
ур	4
условно	4
установке	4
устраняется	4
устраняются	4
ух	4
участвующие	4
участках	4
участок	4
ушных	4
файл	4
фамилия	4
фиброзной	4
физическим	4
физических	4
фильтрации	4
формации	4
функционально	4
хара	4
хондроциты	4
хроническая	4
хрящи	4
цель	4
центральные	4
центре	4
цифр	4
цифра	4
чакральные	4
часы	4
четвертый	4
четыре	4
четырех	4
числе	4
числовом	4
чн	4
чувств	4
шейном	4
щелочной	4
ыт	4
эгрегорами	4
эозинофилы	4
эпифиза	4
эфирных	4
ягоды	4
языка	4
яички	4
ях	4
яя	4
d	3
g	3
n	3
rр	3
абсолютной	3
автоматически	3
аджной	3
ак	3
алфавита	3
аминокислоты	3
аналогичным	3
антигенов	3
антител	3
аортального	3
аортальные	3
ар	3
арис	3
артериола	3
артериям	3
артериями	3
артериях	3
архивном	3
ас	3
астроцитов	3
атлас	3
ауральные	3
ауре	3
ащ	3
аэроионов	3
базальные	3
барабанной	3
бе	3
бедер	3
белков	3
биоэнергетическая	3
биоэнергетических	3
биоэнергоинформационная	3
бифуркация	3
блоковый	3
бн	3
богородице	3
богу	3
боковых	3
болевой	3
большей	3
большим	3
бугор	3
буквы	3
было	3
важным	3
вазопрессин	3
валик	3
вая	3
вблизи	3
вегетативные	3
вегетативных	3
венах	3
венечной	3
венечный	3
венозный	3
венозных	3
ветвям	3
веществом	3
височную	3
височных	3
влияет	3
внедряясь	3
внешний	3
вниз	3
внутренностный	3
внутриклеточном	3
вода	3
воздействия	3
воздействуют	3
возможности	3
возможность	3
вокруг	3
волновой	3
волновые	3
волокнам	3
волокнистая	3
волосы	3
вопросов	3
воспаление	3
восстанавливаем	3
восстанавливаются	3
восходящая	3
всему	3
второго	3
выделяющие	3
вызванные	3
вызывая	3
вырабатываемой	3
вырабатывается	3
вырабатывают	3
высокое	3
выстилает	3
выстланные	3
выход	3
вышеперечисленных	3
газ	3
гельминтовые	3
главный	3
главными	3
главных	3
глазных	3
глотка	3
глубокой	3
глюкозу	3
гое	3
горла	3
груди	3
грудиной	3
губчатого	3
густой	3
данных	3
двойнике	3
действие	3
делится	3
дельтовидная	3
детей	3
деятельность	3
диагностика	3
диаграммам	3
диаграммами	3
диафрагмальные	3
длинная	3
дно	3
дня	3
добавочные	3
долек	3
должны	3
другое	3
ды	3
дыхательную	3
дыхательные	3
дыхательных	3
дьявола	3
еб	3
ег	3
едо	3
еж	3
ени	3
еско	3
жд	3
железе	3
желтого	3
желудочком	3
желудочные	3
желудочный	3
женская	3
женских	3
жи	3
жидкие	3
жидкостью	3
жизнедеятельности	3
жизненную	3
жил	3
жировая	3
жировые	3
жиры	3
заболевание	3
заболеваниям	3
загрязнений	3
задачи	3
задних	3
закон	3
законы	3
занимает	3
занятие	3
записей	3
запросить	3
запястье	3
затылочное	3
затылочную	3
звуков	3
здоровья	3
земные	3
зл	3
значения	3
зрительного	3
зубчатая	3
идеального	3
известно	3
извилин	3
извилину	3
извилины	3
излучает	3
излучение	3
изменении	3
имеющее	3
имеющие	3
индо	3
иной	3
интегральная	3
интуитивное	3
информационно	3
информационный	3
ир	3
исп	3
использованием	3
каждое	3
какого	3
какое	3
кальция	3
капсулой	3
кармическую	3
кая	3
кд	3
кислород	3
кислородом	3
кислоты	3
кистей	3
кишечного	3
кишкой	3
кластерам	3
кластерные	3
кластерных	3
клетках	3
клиновидно	3
клиновидные	3
клубочек	3
ключица	3
книгах	3
кодом	3
коже	3
количества	3
количеством	3
коллективным	3
командные	3
компактного	3
комплекс	3
конденсированного	3
конечные	3
конкретный	3
конька	3
копчик	3
копчика	3
копчиковые	3
корешки	3
корково	3
коркового	3
корковый	3
коронарное	3
короткие	3
космическими	3
космоса	3
костные	3
костям	3
костях	3
край	3
краниопунктуры	3
кроветворные	3
кс	3
кт	3
кто	3
кц	3
лабиринта	3
лангерганса	3
лечении	3
ликвидируем	3
ликвор	3
лимбической	3
лимфатический	3
лимфой	3
лимфу	3
лист	3
листками	3
лобную	3
локтевой	3
лу	3
лучевые	3
льн	3
мат	3
материнской	3
матрикса	3
медиальный	3
медициной	3
международной	3
межклеточную	3
мембран	3
мембраны	3
менее	3
меняется	3
месту	3
месяца	3
металлы	3
метод	3
микроорганизмов	3
минут	3
минуты	3
многомерном	3
модели	3
моего	3
моем	3
можете	3
мозж	3
мозолистое	3
молитв	3
морского	3
москва	3
моча	3
мочевая	3
мочевых	3
мочеточник	3
мочеточнике	3
мочеточников	3
мочу	3
муладхары	3
мышечных	3
мышцах	3
мягкого	3
названием	3
назвать	3
называемый	3
называемых	3
называют	3
наложена	3
наложенную	3
наполнение	3
наружную	3
наружным	3
наступает	3
насчитывается	3
находить	3
находящейся	3
нахождения	3
началом	3
начальной	3
нашей	3
неба	3
небольшим	3
невозможно	3
негативного	3
нейронам	3
нейронами	3
некоторых	3
нельзя	3
необходимости	3
необходимые	3
непарная	3
нервах	3
несущие	3
низкий	3
нк	3
нно	3
новыми	3
ногти	3
ной	3
нормальной	3
норме	3
нт	3
няя	3
обеспечивающий	3
обеспечивающим	3
обеспечивающих	3
обитания	3
облегчает	3
обозначены	3
обоих	3
образован	3
образуются	3
образующиеся	3
образующую	3
обратному	3
обращением	3
обучение	3
общей	3
объединяют	3
обызвествленный	3
обычным	3
огибающей	3
одержателей	3
одни	3
ожидаемых	3
означает	3
окружностей	3
окситоцин	3
определению	3
определенного	3
определенных	3
опухоли	3
органе	3
ортодоксальной	3
осевой	3
основными	3
основы	3
осознать	3
остальных	3
остеобластов	3
остеокластов	3
остеоцитов	3
островков	3
островок	3
осуществляет	3
осуществляют	3
ответвления	3
ответвлениями	3
отводящие	3
отводящий	3
отделе	3
отделов	3
отклонение	3
открывается	3
открытия	3
открыты	3
отличие	3
относительной	3
отношения	3
отражает	3
отростками	3
отсутствие	3
отсутствии	3
отсчета	3
отходящие	3
очага	3
очищающий	3
пазуха	3
памяти	3
парасимпатическая	3
парасимпатической	3
патологией	3
патологию	3
первое	3
пере	3
перегородка	3
передавать	3
передаются	3
передними	3
переднюю	3
переходящей	3
переходящую	3
перечень	3
перешеек	3
перикардом	3
песок	3
петр	3
печеночной	3
пещеристый	3
пингала	3
письма	3
питание	3
пищевая	3
пл	3
плазме	3
плечевая	3
плод	3
поверхностными	3
повредившую	3
повредили	3
поврежден	3
подвздошной	3
поддержании	3
подключичная	3
подключичной	3
подключичных	3
подкорковые	3
подмышечные	3
подписями	3
подразделения	3
подрисуночными	3
подходит	3
подъязычная	3
подъязычные	3
позвоночного	3
позвоночных	3
показания	3
полный	3
половина	3
положении	3
положительная	3
положительном	3
полостях	3
получаем	3
получения	3
полученные	3
полый	3
понятие	3
понятия	3
попадает	3
поперечная	3
последние	3
посредством	3
постганглионарные	3
посткапиллярные	3
постклеточные	3
поступившая	3
потенциал	3
почти	3
поясной	3
правые	3
праязыка	3
превращение	3
предварительно	3
предсердий	3
представлена	3
прекапилляры	3
препятствующие	3
прецентральная	3
привели	3
привлекать	3
придаточные	3
принимают	3
проводим	3
проводятся	3
продольный	3
прозрачная	3
производится	3
пройдя	3
проклятие	3
промежуточная	3
простата	3
пространства	3
пространственного	3
пространством	3
проход	3
прямоугольник	3
прямую	3
психобиофизиологический	3
пузырьков	3
пусть	3
работаю	3
работают	3
работающие	3
работающую	3
рабочим	3
равновесие	3
радужке	3
разветвляются	3
раздел	3
разделите	3
различными	3
размерность	3
разновидности	3
разрезы	3
разрушающий	3
разрушения	3
раковины	3
распада	3
расположен	3
расположения	3
расположенный	3
распространен	3
распространенных	3
рассасывающий	3
растений	3
рг	3
реанимационные	3
регулируется	3
результатов	3
ресничное	3
ресничные	3
рефлексов	3
рефлекторной	3
рецепторов	3
рецепторы	3
рисунка	3
рисунок	3
рм	3
рог	3
роговой	3
родовые	3
родовых	3
роста	3
рта	3
ру	3
русло	3
ручка	3
рь	3
самовосстановления	3
самого	3
самом	3
самые	3
сахара	3
сверху	3
свет	3
своем	3
своим	3
связанной	3
связок	3
связями	3
сеанса	3
седалищный	3
секрета	3
сексуальный	3
секторе	3
секундомера	3
секунды	3
селезенку	3
семенного	3
семенных	3
сердечной	3
серого	3
серозная	3
серозный	3
сигмовидный	3
синтез	3
ск	3
складки	3
склеры	3
скоплений	3
скорая	3
слабость	3
слева	3
слепая	3
сливаются	3
слизь	3
слова	3
слово	3
слоем	3
сложите	3
сложные	3
слуховой	3
слуховые	3
слюна	3
смерть	3
смещение	3
смещении	3
снаружи	3
снижение	3
снять	3
собирается	3
совместно	3
современных	3
содержанием	3
содержащего	3
содержащей	3
содержащий	3
соединительных	3
создании	3
созданию	3
создать	3
сокращение	3
солевые	3
солитона	3
соляной	3
соматическая	3
соматическую	3
сонное	3
сонную	3
сонный	3
сообщение	3
соответствующие	3
соответствующим	3
сопровождается	3
сос	3
сосок	3
составлении	3
составу	3
состояниях	3
состоящего	3
сосудистое	3
сосудистую	3
сотни	3
специальные	3
специальными	3
спинно	3
спирты	3
сплетений	3
способ	3
спустя	3
сразу	3
средние	3
стадии	3
статоконий	3
статуса	3
ств	3
стволам	3
стекловидного	3
стенку	3
стимулирующий	3
стираю	3
столб	3
стороной	3
странице	3
строения	3
структурной	3
сумки	3
сутки	3
сухожилий	3
сушумна	3
существует	3
таз	3
таза	3
тазобедренный	3
тазовых	3
такие	3
таламический	3
таламуса	3
таламусы	3
тве	3
твердые	3
тельности	3
теменная	3
теменно	3
теменные	3
термин	3
тканевой	3
ток	3
током	3
току	3
тон	3
тонкая	3
точке	3
тощей	3
тра	3
трабекулы	3
тракты	3
трапециевидная	3
третьи	3
треугольник	3
треугольники	3
тройничный	3
тромбоциты	3
трубочку	3
трубчатых	3
тс	3
тыс	3
тяж	3
тяжелые	3
убийство	3
убираем	3
убрать	3
уги	3
углекислый	3
ударов	3
узелки	3
узелков	3
узкая	3
указанием	3
указывает	3
улитка	3
ум	3
уменьшает	3
управляют	3
условиях	3
устанавливается	3
устройство	3
ушная	3
фаза	3
фаланги	3
фе	3
фиброзная	3
фигур	3
фигуре	3
физиологическая	3
фолликулы	3
формируется	3
фотографию	3
функциям	3
функциями	3
характера	3
хи	3
ход	3
ходы	3
холмика	3
хранителю	3
христианские	3
хронической	3
хрусталик	3
хряща	3
хрящевая	3
хрящевые	3
цветов	3
целесообразно	3
центра	3
центрального	3
центральной	3
цифровой	3
чаще	3
человеческого	3
черепной	3
черепных	3
четверохолмия	3
чечевицеобразное	3
чистки	3
чувствительности	3
чудесные	3
чужеродные	3
широкой	3
шов	3
щени	3
ых	3
экспериментальное	3
экспериментатором	3
элементами	3
эмоций	3
эндокринную	3
энергетическое	3
энергий	3
энергию	3
энергоинформационного	3
эпителиальные	3
эпителием	3
эпителии	3
этому	3
эфирном	3
эффективные	3
явление	3
яд	3
языкоглоточный	3
яичка	3
яичники	3
яйцеклетки	3
яремная	3
co	2
mc	2
th	2
vв	2
аб	2
автора	2
агент	2
ад	2
акаша	2
аксонов	2
аксоном	2
активно	2
активность	2
активную	2
активных	2
александром	2
алкан	2
аллергии	2
алфавит	2
альвеол	2
ам	2
ами	2
амилазу	2
аминокислот	2
анализ	2
аналогично	2
аналогичную	2
аналогичный	2
анастомозируя	2
анастомозы	2
анатомической	2
анахаты	2
ангелу	2
ани	2
аортальное	2
аорту	2
ап	2
аппендиксом	2
архангеле	2
архивным	2
астральной	2
астральном	2
ато	2
атом	2
ац	2
аче	2
базилярной	2
базофилы	2
барабанная	2
барьер	2
барьера	2
бат	2
бахромки	2
бахромку	2
бед	2
бедренное	2
бедренных	2
безусловных	2
белка	2
белкового	2
белые	2
белый	2
беременности	2
бесследно	2
би	2
биокомпьютерная	2
биоэнергетические	2
биоэнергии	2
бк	2
бледный	2
близкой	2
бляшек	2
бляшка	2
бляшке	2
бляшкой	2
богатую	2
болезненное	2
больного	2
больной	2
больные	2
больным	2
большего	2
больший	2
бронх	2
бронхах	2
бронхиолы	2
брошенных	2
брусники	2
брыжеек	2
брыжеечное	2
брюшная	2
брюшного	2
брюшные	2
бугра	2
будем	2
бумаги	2
была	2
важен	2
важно	2
важных	2
вами	2
вания	2
варикозно	2
ваш	2
ваших	2
вв	2
введение	2
вегетативную	2
вегетативными	2
ведущими	2
ведь	2
век	2
веки	2
векторов	2
венул	2
верхнем	2
верхнечелюстная	2
верхним	2
вестибулярный	2
ветвление	2
ветвью	2
ветвятся	2
ветвящихся	2
видения	2
височные	2
висцеральные	2
витаминов	2
вклиниваться	2
включается	2
вл	2
влага	2
влагалища	2
влиянием	2
вм	2
вмешательства	2
внезапная	2
внешнего	2
внутренним	2
внутренними	2
внутренностных	2
внутриутробного	2
внутриядерном	2
внутрь	2
воду	2
возбуждения	2
возвращает	2
возвращения	2
возникнуть	2
волновых	2
волокнистой	2
волокнистую	2
волокнистые	2
воронка	2
воронки	2
воронку	2
воротной	2
восемь	2
воспользоваться	2
воспринимают	2
восстановительной	2
восстановительный	2
восстановлении	2
восточной	2
восходящую	2
впадающих	2
впереди	2
вредное	2
временные	2
всасывание	2
всасывания	2
вскрыта	2
вслух	2
вспомогательные	2
вспышка	2
вставляя	2
вторичных	2
вторые	2
входить	2
входящей	2
выберет	2
выборе	2
выбрасывается	2
вывод	2
выводные	2
выглядеть	2
выделение	2
выделить	2
выделяется	2
вые	2
вызвавших	2
вызвавшую	2
вызвали	2
вызванное	2
вызвать	2
выносящая	2
выпадают	2
выпадет	2
выпал	2
выполняющие	2
выполняющих	2
выпот	2
выпущенных	2
вырабатываемое	2
вырабатываемый	2
вырабатывающего	2
вырабатывающий	2
выраженный	2
высокоэффективный	2
выстлана	2
выстланы	2
высшем	2
вычисление	2
вычислив	2
вычислить	2
вычисляется	2
вышеперечисленные	2
выявленных	2
выявляется	2
выявляют	2
вязкий	2
га	2
гайморовы	2
гамма	2
ганглии	2
гелей	2
гельминты	2
гематомы	2
гемоглобина	2
генеральной	2
генле	2
геометрический	2
гиалиновую	2
гидрокортизона	2
гипоталамо	2
гипофизарная	2
гипофизарно	2
гистологической	2
главе	2
главная	2
глазная	2
глазной	2
гли	2
глист	2
глиста	2
гломусы	2
глотку	2
год	2
года	2
голеностопа	2
горло	2
гормон	2
гормональную	2
гортанно	2
господь	2
границы	2
гребенчатые	2
греха	2
грибка	2
грибки	2
грибков	2
грибов	2
гриппа	2
грудина	2
грудную	2
грудным	2
гу	2
густую	2
давать	2
давления	2
дальнейшего	2
дальнейшее	2
дано	2
даны	2
дата	2
двенадцатиперстной	2
двигательным	2
движении	2
двойников	2
двойником	2
двуглавая	2
двуглавые	2
действуют	2
делаем	2
день	2
детальная	2
детям	2
дефекты	2
диагностики	2
диагностировании	2
диагностировать	2
диаграммах	2
диаграммой	2
диастола	2
диафрагма	2
диафрагме	2
динамики	2
диоксины	2
дисбаланс	2
диск	2
диски	2
диффузии	2
дихотомически	2
дк	2
длин	2
длина	2
длине	2
длинные	2
длинных	2
длинойволны	2
длительное	2
дневное	2
днесь	2
дни	2
добра	2
долька	2
дольковый	2
дополнитель	2
дополнительный	2
достигать	2
древней	2
древнекитайской	2
другим	2
другими	2
другому	2
дуга	2
духа	2
душ	2
душевное	2
души	2
дыхание	2
дыхании	2
еа	2
евая	2
евстахиевых	2
единицей	2
единое	2
единым	2
езн	2
ей	2
ему	2
жа	2
жевательные	2
железам	2
железистый	2
железки	2
железу	2
желеобразное	2
желеобразную	2
желудочками	2
желудочная	2
желчн	2
желчном	2
желчных	2
живой	2
жидкая	2
жидкого	2
жирового	2
жировую	2
заболеваниями	2
заболеваниях	2
завершается	2
зависит	2
задавать	2
задаете	2
задач	2
задача	2
задают	2
задаются	2
заднее	2
заднесредин	2
заднесрединного	2
заключение	2
закону	2
замкнутой	2
занести	2
занижнечелюстные	2
занимающую	2
заостренный	2
запирательные	2
записана	2
записанных	2
записывает	2
заполненное	2
заполненные	2
запрашиваем	2
запрос	2
запястья	2
зарядку	2
заряжается	2
зат	2
затылочного	2
защитную	2
защитный	2
защитными	2
защиту	2
звуковые	2
здравоохранения	2
зеленого	2
землю	2
земных	2
злобы	2
злуч	2
знаков	2
значительно	2
зодиака	2
золотого	2
зрачка	2
зрачок	2
зрелые	2
зрение	2
зрительное	2
зрительной	2
зрительному	2
зубы	2
ива	2
иван	2
иванов	2
иванович	2
играют	2
идентификация	2
избытка	2
избыток	2
извитые	2
издательство	2
издательством	2
изи	2
изл	2
излучающую	2
изм	2
изменению	2
изменения	2
изменяет	2
изменяя	2
изображения	2
изображены	2
изотопы	2
изучались	2
икона	2
икроножной	2
икроножные	2
ил	2
илеоцекальный	2
иметь	2
имеющая	2
имеющей	2
иммунного	2
иммунных	2
импульсов	2
ино	2
иного	2
инсектициды	2
инсульт	2
интеллектуальным	2
инфаркт	2
инфаркта	2
инфекцию	2
иньян	2
ион	2
ионов	2
ип	2
искажений	2
искаженной	2
исключение	2
искусственное	2
используемые	2
исследуем	2
исследуемом	2
источником	2
итого	2
итоговый	2
ичн	2
иш	2
ищется	2
йс	2
каждым	2
казуальном	2
каковы	2
кал	2
камера	2
камнями	2
каналам	2
канализацию	2
канальцах	2
канатика	2
капиллярам	2
капиллярную	2
капсул	2
кардиальное	2
каркас	2
кармические	2
кармической	2
кармы	2
категорически	2
кашица	2
кашицы	2
кий	2
кислую	2
кисту	2
кишках	2
клапанами	2
клапанного	2
клапаном	2
клиновидная	2
ключ	2
ключичный	2
коды	2
кое	2
кожно	2
кожного	2
кожной	2
кожный	2
колеблется	2
колене	2
коленчатое	2
коллагеновые	2
коллатерали	2
колонки	2
командных	2
комиссура	2
компоненты	2
конечная	2
конечном	2
конечный	2
конкретных	2
консистенцию	2
конский	2
конфессий	2
концами	2
конъюнктива	2
копчиковый	2
коре	2
корешков	2
корой	2
короткими	2
коротких	2
корректной	2
кортизола	2
кос	2
космическая	2
косточек	2
косые	2
красная	2
красное	2
красных	2
края	2
крестец	2
кристалл	2
кровеносной	2
кроветворения	2
кроветворных	2
кровоснабжает	2
кровоснабжающие	2
кровоснабжающую	2
кровотечение	2
кровотока	2
кровяные	2
круге	2
круглогодично	2
круглосу	2
кругов	2
крупных	2
крылонебный	2
ла	2
лабиринт	2
ладьевидная	2
лго	2
легком	2
легочном	2
легочным	2
лей	2
лекарственных	2
ленточного	2
лессуру	2
лечение	2
лечить	2
лизоцим	2
ликвидируется	2
лимбическую	2
лимфатиче	2
лимфатическая	2
лимфатическим	2
лимфатическое	2
лимфатическую	2
лимфоидная	2
лимфоидной	2
лимфоидные	2
лимфоидных	2
лимфокапиллярные	2
линия	2
листков	2
листок	2
литров	2
лица	2
лицевых	2
личинок	2
лл	2
лн	2
лобн	2
лоханку	2
лс	2
лукавого	2
луковица	2
лучевая	2
любовь	2
любое	2
любые	2
любых	2
лютропин	2
макрофагическая	2
малого	2
масса	2
массу	2
матери	2
материалы	2
маточное	2
маточные	2
медицинских	2
меж	2
межжелудочковое	2
межклеточная	2
межклеточной	2
межпозвоночного	2
межпозвоночные	2
межреберные	2
межреберных	2
межтканевой	2
мелкими	2
мембраной	2
менделеева	2
ментальные	2
ментальным	2
ментальными	2
мер	2
мере	2
меры	2
месяце	2
методика	2
методикам	2
методов	2
механизмами	2
механические	2
механических	2
мешают	2
мешки	2
мешок	2
мешочком	2
миелоидная	2
микроциркуляции	2
миндалевидного	2
миндалевидные	2
мини	2
мир	2
мира	2
мире	2
мировых	2
миром	2
михаиле	2
млечныепротоки	2
многих	2
многомерного	2
могла	2
можем	2
мозговое	2
мозговую	2
молекул	2
молекулы	2
молекулярном	2
молитву	2
молока	2
молоко	2
молочных	2
моторная	2
моч	2
мочевую	2
мочевым	2
мочеточника	2
мочеточники	2
мужем	2
мужская	2
мужских	2
мужчин	2
мускулатурой	2
мысленно	2
мыш	2
мышечный	2
мышцами	2
мышцу	2
навыков	2
надгортанник	2
надколенник	2
надпочечника	2
надсердечные	2
названиями	2
называемые	2
называются	2
наклоны	2
налицо	2
наличие	2
наличии	2
наличию	2
наложенные	2
наложил	2
нанопаразитов	2
нансоз	2
написания	2
напряженно	2
наружными	2
наружных	2
наружу	2
нарушении	2
нарушения	2
нарушениях	2
насморк	2
наступить	2
находящимися	2
нахождение	2
начинаются	2
начинающуюся	2
начнет	2
наша	2
наше	2
наших	2
нашу	2
небольшое	2
негат	2
негативное	2
недели	2
недомогание	2
недостатка	2
нежелательно	2
неизлечимых	2
нейрогуморальную	2
нейроинфекции	2
нейрон	2
нейрона	2
ненавидит	2
необходимый	2
непредсказуемо	2
непрерывно	2
нерве	2
нервно	2
нервного	2
нервном	2
неспадающимися	2
нефрон	2
нием	2
нижнему	2
низким	2
николаем	2
нисходящая	2
нитей	2
нити	2
нл	2
новым	2
ножки	2
ноздря	2
нормализации	2
нормально	2
нормальное	2
носит	2
носить	2
носоглотка	2
ночью	2
ну	2
нуждаются	2
ным	2
ныне	2
ных	2
ня	2
оба	2
обеспечение	2
обеспечивающей	2
обеспечивая	2
областей	2
облепихи	2
обновляются	2
обо	2
обонятельного	2
обонятельную	2
обонятельными	2
образ	2
образовании	2
образований	2
образованное	2
образованный	2
образованными	2
образовано	2
образующаяся	2
обратная	2
обратного	2
обслуживает	2
общего	2
общества	2
объем	2
обязательно	2
овальное	2
овегол	2
оглавление	2
ограду	2
од	2
одержатели	2
одиночного	2
одиночные	2
одном	2
односторонней	2
одну	2
ои	2
оказалась	2
оказался	2
оказывается	2
оканчивается	2
окружающими	2
октября	2
олива	2
онкологии	2
опасно	2
оператору	2
описанную	2
описаны	2
оплодотворенной	2
оплодотворяется	2
определенное	2
определенном	2
опухоль	2
опыте	2
органам	2
организацией	2
организации	2
органические	2
органу	2
ориентации	2
орис	2
основание	2
основного	2
основное	2
основным	2
основой	2
особенности	2
оспа	2
остальной	2
остановится	2
остатков	2
остеоциты	2
островки	2
острого	2
осуществление	2
осуществляем	2
осуществлять	2
осуществляются	2
осязательные	2
ответа	2
ответвляется	2
отводится	2
отделах	2
отделу	2
отделяется	2
отец	2
открытые	2
отличается	2
относящиеся	2
отношении	2
отработки	2
отрезок	2
отрицательная	2
отрицательную	2
отрицательные	2
отрицательный	2
отрицательным	2
отростке	2
отсутствуют	2
отток	2
отходящая	2
отцовской	2
отче	2
оф	2
очагов	2
очистить	2
очищение	2
ошибки	2
ощущение	2
ощущения	2
падение	2
пазухах	2
палец	2
паразитирующими	2
параллельно	2
параметров	2
парасимпатический	2
парасимпатического	2
парасимпатическое	2
паренхиматозной	2
паренхимой	2
паренхимы	2
париетальные	2
пассивную	2
патогенное	2
патогенными	2
паховой	2
пациент	2
пейеровы	2
пепсин	2
первыми	2
переводя	2
переворачивает	2
передается	2
передающей	2
передвижения	2
переднего	2
передних	2
перейти	2
перекрывается	2
перемещения	2
перепонки	2
перепонкой	2
перепончатого	2
перепончатый	2
перехода	2
переходящая	2
переходящий	2
перечисляем	2
перикард	2
перикардиальные	2
перикариона	2
периферический	2
периферической	2
пестициды	2
петлях	2
петров	2
петрович	2
пигментные	2
пигментов	2
пилорический	2
пирамида	2
питающую	2
пища	2
пищеварение	2
пищеварении	2
пищеводного	2
пищеводное	2
плазма	2
плане	2
пластинки	2
пластинку	2
пластины	2
платоновы	2
плечевого	2
плечеголовного	2
плоских	2
плотная	2
плотно	2
плотной	2
плохо	2
плюсны	2
пн	2
поведение	2
поверхностей	2
поверхностная	2
поверхностных	2
поверхностью	2
поверхностях	2
повздошной	2
повлиять	2
поводков	2
повороты	2
повредивший	2
повреждают	2
повреждающих	2
повреждении	2
повреждениях	2
повреждено	2
повторите	2
повторяются	2
повышает	2
повышающий	2
поглощающих	2
погружены	2
подберите	2
подбирается	2
подвергается	2
подвздошно	2
поддержания	2
подключичному	2
подключичные	2
подкожные	2
подколенные	2
подкорковым	2
подобное	2
подобных	2
подошву	2
подошвы	2
подпаутинной	2
подпаутинным	2
подразделяют	2
подслизистая	2
подсознанием	2
подчревное	2
подъязычный	2
позади	2
позволяющий	2
позвоночная	2
поиске	2
пока	2
показаний	2
показатели	2
показатель	2
покаяние	2
покаяться	2
покоя	2
покров	2
покрывает	2
покрывающий	2
покрыта	2
покрытого	2
пола	2
полового	2
половую	2
положение	2
положительный	2
полосатой	2
полосатую	2
полосатые	2
полулунных	2
получает	2
полученного	2
полученных	2
получим	2
полушарие	2
полях	2
помогает	2
поможет	2
понадобится	2
понять	2
попадание	2
поперечном	2
поперечную	2
пор	2
последней	2
последняя	2
последова	2
последствий	2
посмотреть	2
пост	2
поставить	2
постепенно	2
постоянные	2
постоянный	2
постцентральная	2
потере	2
потеря	2
потому	2
потребуется	2
почему	2
почечной	2
почечную	2
почечным	2
почечных	2
почистить	2
почках	2
пояс	2
пояска	2
поясница	2
пояснично	2
поясничными	2
правых	2
преганглионарные	2
предотвращающими	2
предположим	2
предсердными	2
представляющие	2
представляющий	2
предстательная	2
предстательную	2
предыдущих	2
прекапиллярные	2
пренатального	2
преобладанием	2
препятствуют	2
препятствующих	2
приведенных	2
приведены	2
приведших	2
приводящие	2
придаток	2
придаточных	2
признаков	2
прикосновения	2
прикрепления	2
прилегающей	2
применяемым	2
применяется	2
применять	2
примерно	2
примет	2
приносящая	2
приносящие	2
проблему	2
пробок	2
проверяются	2
прогестерон	2
программа	2
проделываем	2
продолжается	2
продолжительной	2
продуцируется	2
продырявленное	2
проекцию	2
прозрачную	2
производит	2
производство	2
произошло	2
происходят	2
проклятий	2
промежностный	2
промежутки	2
промежуточные	2
пронизана	2
проникает	2
просвет	2
пространственно	2
протекает	2
против	2
противном	2
протоком	2
протоструктурам	2
протоструктурами	2
протоструктуре	2
процедур	2
процедуру	2
процентах	2
процентов	2
процесса	2
процессами	2
прочной	2
прошлых	2
проявляется	2
психики	2
психических	2
пу	2
пузырем	2
пупка	2
пупочная	2
путях	2
пучко	2
пыли	2
пястные	2
пяти	2
раб	2
работающая	2
равно	2
радиэстезическая	2
радужкой	2
радужных	2
раза	2
разбивающий	2
разбора	2
разветвленные	2
разветвляющиеся	2
разветвляясь	2
развязывание	2
развязывания	2
разгибатели	2
разгибатель	2
разделе	2
разделена	2
разделяющие	2
различной	2
разной	2
разорвать	2
разрезе	2
разрушенных	2
разрушить	2
рака	2
раковинах	2
ранга	2
ранее	2
расположение	2
расположенные	2
расположенных	2
распределении	2
распределения	2
рассасываются	2
рассмотрим	2
рассогласования	2
расстройств	2
расстройство	2
растяжение	2
расширений	2
расщепляющие	2
рвота	2
ревматизма	2
регулирующий	2
регулирующих	2
регулируя	2
регуляторные	2
регуляцию	2
редко	2
резким	2
резкое	2
резонансные	2
результат	2
результата	2
результаты	2
рен	2
ресничный	2
решить	2
рисунке	2
рисунком	2
рогов	2
родителей	2
родственника	2
рождения	2
рожек	2
рот	2
ротовая	2
ротовую	2
рубрикой	2
руководит	2
русла	2
русле	2
рыхлая	2
рыхлой	2
ря	2
сами	2
самовосстановлению	2
самоисцеление	2
самоисцелению	2
самопрограммирования	2
саморегуляцию	2
самым	2
самых	2
сахасрарой	2
сбоку	2
сведения	2
свертывания	2
свое	2
своему	2
своими	2
своих	2
свойствами	2
свя	2
связана	2
связанных	2
связка	2
связках	2
связкой	2
связывающие	2
святый	2
сгиба	2
сгибатели	2
сдерживания	2
седалищная	2
седло	2
сек	2
секретирующие	2
селезенкой	2
селезеночные	2
семье	2
семявыносящий	2
сердечное	2
сердечными	2
середине	2
серый	2
сетчатка	2
сетчатке	2
сетчаткой	2
сигмовидная	2
сигмовидную	2
силами	2
символизирующих	2
симпатический	2
симпатических	2
симпатической	2
симпатическому	2
симпатическую	2
симптома	2
симфиз	2
синапсов	2
синдромов	2
синовиальной	2
синтезирует	2
синуса	2
синусный	2
синусов	2
сироп	2
систола	2
ситуациях	2
скелетные	2
складок	2
ской	2
скорлупу	2
скорости	2
слабости	2
следовательно	2
следующая	2
следующее	2
следующий	2
слепоты	2
сливается	2
сливающиеся	2
сливающихся	2
сливаясь	2
сложности	2
сложную	2
сложных	2
служит	2
слухового	2
случаи	2
слюнных	2
смещения	2
смотреть	2
смотрим	2
снабжены	2
снижения	2
собирательные	2
собственными	2
совершенные	2
содержатся	2
содержащее	2
содержащейся	2
содержимое	2
содержится	2
содружестве	2
соединенных	2
соединительнотканных	2
соединяющие	2
соединяющий	2
создав	2
создание	2
созданная	2
сока	2
сократительный	2
сокращений	2
сокращения	2
солей	2
соли	2
сонной	2
сонных	2
сообщаем	2
сообщается	2
сообщающиеся	2
соответствует	2
сопротивное	2
сосковидные	2
сосочки	2
сосочков	2
сосочковая	2
сосочковые	2
состава	2
составив	2
составили	2
составлять	2
составляющая	2
состоящие	2
сосуд	2
сосудам	2
сосудистого	2
сосудистых	2
сосцевидная	2
сосцевидно	2
сохранению	2
сочленения	2
сперма	2
специалистов	2
специальной	2
специальных	2
специфическими	2
спинномозговая	2
сплетением	2
сплетениями	2
способности	2
способностью	2
способов	2
спускаются	2
среднюю	2
средостенные	2
средств	2
сросшихся	2
становится	2
стафилококк	2
стве	2
стволовой	2
стволовые	2
стволу	2
створка	2
створки	2
стекловидной	2
стенка	2
стенокардия	2
стимулируют	2
сток	2
стоп	2
страницы	2
стремечка	2
стремечко	2
стрессового	2
строгая	2
строки	2
строкой	2
строку	2
строя	2
судьба	2
судьбоносная	2
сумок	2
суставе	2
сухожилия	2
сухожилиях	2
сухожильных	2
существованием	2
сущность	2
сущностью	2
сущностями	2
сферический	2
сфинктера	2
сформировался	2
считается	2
считывания	2
сы	2
тr	2
тазовой	2
такого	2
такому	2
тактильной	2
таламусу	2
телах	2
тельца	2
теменных	2
температурной	2
тему	2
тепла	2
терапии	2
тестостерон	2
тибетской	2
тип	2
тов	2
токсинов	2
токсины	2
толще	2
тонкое	2
тонкую	2
тонуса	2
точ	2
тощая	2
травма	2
трапециевидные	2
трахеобронхиальные	2
требует	2
трессс	2
третьим	2
трехглавые	2
трехмерный	2
триединство	2
трипсин	2
тройничного	2
тромба	2
тромбом	2
труба	2
трубочки	2
трудно	2
турецкое	2
тья	2
тяжелых	2
убирать	2
увлажнения	2
углеводного	2
углеводный	2
углеводов	2
удалению	2
удалить	2
удобства	2
уж	2
уз	2
узле	2
указать	2
ул	2
улитковые	2
умоли	2
умственной	2
ун	2
упомянуть	2
управляем	2
управляющая	2
управляющей	2
управляющих	2
ура	2
уровнем	2
условие	2
условии	2
усталость	2
установок	2
устройства	2
ут	2
уч	2
участвующего	2
участие	2
участия	2
учен	2
уязвимость	2
фа	2
файлах	2
файлов	2
факта	2
фактор	2
факторов	2
фасции	2
фатеров	2
фи	2
физический	2
физической	2
физическому	2
фиксируется	2
фолликулин	2
фолликулов	2
фоллитропин	2
фон	2
форменные	2
формирования	2
формирующие	2
формирующих	2
фосфора	2
фотография	2
фрагмент	2
функциональное	2
функциональным	2
функционирование	2
характеризуется	2
хвост	2
хиазма	2
химии	2
химикалии	2
химических	2
хирургического	2
хо	2
ходу	2
холестерин	2
холмик	2
хондробластов	2
хондрокластов	2
хондроцитов	2
хореи	2
хорошо	2
хотя	2
хроническое	2
хрусталиком	2
хрящевую	2
цвет	2
целью	2
центральную	2
центру	2
цивилизации	2
чакрами	2
чакрах	2
частицами	2
частями	2
чашка	2
чашки	2
человеку	2
челюсти	2
челюсть	2
червя	2
черепе	2
четко	2
числовые	2
числовым	2
числовых	2
чистке	2
чки	2
член	2
члена	2
чревное	2
чревном	2
чревному	2
чрезвычайно	2
чувствительный	2
чувствительным	2
чувствительных	2
чувство	2
чужеродной	2
шв	2
шейка	2
шейку	2
шейно	2
шейного	2
шейному	2
шейными	2
шейных	2
широкая	2
шума	2
шц	2
ще	2
щее	2
щели	2
щелочное	2
щелочную	2
щитовидный	2
ъ	2
ым	2
ьм	2
ьс	2
экефалины	2
экспериментатор	2
эксперименте	2
экстракции	2
экстренного	2
эластическую	2
эластичной	2
эмо	2
эмоционального	2
эмоциональным	2
эн	2
эндокард	2
эндокардом	2
энергетическая	2
энергетическую	2
энергоинф	2
энергоинформационная	2
энергоинформационные	2
энергоинформационных	2
энергоструктуры	2
эпидермиса	2
эпилепсии	2
эпифизе	2
эпифизный	2
эритроцитов	2
эритроциты	2
эстрадиол	2
эстрон	2
этиологии	2
эф	2
эфирные	2
эффективного	2
эффективность	2
эффективным	2
юш	2
ющихся	2
яблок	2
яв	2
являющиеся	2
ядрах	2
ядром	2
язвы	2
языкоглоточных	2
языком	2
язычные	2
яиц	2
яичник	2
яичниковой	2
яичниковую	2
яйцеклетку	2
ям	2
ями	2
ямки	2
яремно	2
яремной	2
bc	1
ca	1
cм	1
cреднее	1
cтероиды	1
cушумны	1
h	1
pp	1
pис	1
t	1
аборт	1
абсолютно	1
август	1
августе	1
авин	1
авкии	1
авлее	1
авлра	1
автоматах	1
автоматической	1
автоматическом	1
автономное	1
автономную	1
автор	1
авторов	1
авторомвведено	1
авторомвключено	1
автору	1
авыен	1
аг	1
агафр	1
агенты	1
агзанятие	1
агмыдиаф	1
агнеш	1
агностического	1
агранулоциты	1
агрессивными	1
агрязнем	1
ада	1
адаптации	1
адачиие	1
адено	1
аденогипофиза	1
адипоциты	1
адне	1
адреналин	1
адренокортикотропин	1
адреснопривязанных	1
ае	1
азбук	1
азбука	1
азвити	1
азруше	1
аи	1
ай	1
ака	1
академии	1
академиком	1
акашаног	1
акповыс	1
акр	1
акромиально	1
акроэле	1
аксон	1
аксона	1
аксонами	1
актг	1
актерсильный	1
активности	1
аку	1
алгоритма	1
аллерг	1
аллергический	1
аллергическим	1
аллци	1
ало	1
алохин	1
алфавитов	1
алы	1
аль	1
альбумины	1
альвеолами	1
альвеолярного	1
альвеолярные	1
альвы	1
альдостерона	1
альдостероном	1
альная	1
альнмент	1
альные	1
альныр	1
аме	1
амидия	1
амилаза	1
аминокислотного	1
аминомасляной	1
амнимни	1
амортизацион	1
амортизационную	1
ампула	1
ампулой	1
ампулы	1
ампульный	1
ампулярный	1
анализаторов	1
анализирующих	1
аналитический	1
аналоговом	1
анального	1
анальное	1
анаректальные	1
анастомозах	1
анастомозирова	1
анастомозируют	1
анастомозов	1
анастомотическая	1
анастомотических	1
анатомии	1
анатомическая	1
анатомических	1
анатомического	1
анатомия	1
анаэробы	1
ангеле	1
англии	1
английским	1
ангуст	1
андидае	1
андрогенам	1
андрогены	1
анево	1
анение	1
анетырис	1
аниал	1
анидо	1
анимальную	1
анина	1
анистав	1
аниякана	1
аннигилирование	1
аннигилирующие	1
аннигиляции	1
антигенами	1
антигены	1
антир	1
антитела	1
аньгорт	1
анютиныглазки	1
апа	1
апаращитовидные	1
апасть	1
апия	1
апостол	1
аппарате	1
аппдик	1
аппендикса	1
аппентдеиклсом	1
аптечная	1
арабского	1
арахноидальной	1
арзол	1
аркотики	1
армво	1
ароматичес	1
ароматот	1
артериальной	1
артериальную	1
артериальные	1
артериальный	1
артериальными	1
артериовенозными	1
артериол	1
артериоловенулярные	1
артериолу	1
архангел	1
архангелу	1
архивах	1
архивы	1
архистратише	1
аси	1
аск	1
аскариды	1
асоввани	1
аспаргиновая	1
аспектывойны	1
аствой	1
астет	1
астматический	1
астмосква	1
астр	1
астра	1
астральевн	1
астральную	1
астральные	1
астральный	1
астрель	1
астроглией	1
астроглии	1
астроглию	1
астрсознание	1
атапро	1
атдругие	1
ате	1
атеист	1
атеросклероз	1
атеросклерозе	1
атеросклеротиче	1
атеросклеротических	1
ати	1
атихро	1
аткичн	1
атлантс	1
атласа	1
атласу	1
атлеза	1
атоита	1
аток	1
атомный	1
атоне	1
атриовентрикулярный	1
атрис	1
атрофии	1
атрофия	1
атсзащиты	1
атфосф	1
аты	1
ауночи	1
аурдей	1
аурис	1
аурычеловека	1
аутоаг	1
аутоагра	1
афферентации	1
афферентные	1
афферентным	1
афферентных	1
ах	1
ахе	1
ахиллово	1
ахрима	1
ахстр	1
аце	1
ацетилхолина	1
ацияв	1
ацияо	1
ачная	1
ачннеуд	1
аян	1
ба	1
багковском	1
базальная	1
базилярную	1
базируется	1
бак	1
бактериальный	1
бактерицидные	1
баланс	1
бальза	1
бан	1
банк	1
банком	1
барабанную	1
барабанных	1
бартолиновы	1
бахромке	1
бедренной	1
бедренную	1
бедренными	1
бедровосходящая	1
бедронисходящая	1
беено	1
безкислородную	1
безконечныя	1
безнадеж	1
безопасна	1
безопаснее	1
безопасны	1
безотказно	1
безумия	1
безумияцнс	1
безуслов	1
безъядерные	1
бел	1
белая	1
беликов	1
белковую	1
белковый	1
белковых	1
белком	1
белой	1
белок	1
белую	1
березы	1
беременных	1
берцовых	1
берьеподре	1
бесперебойное	1
беспо	1
беспорядочно	1
беспрепятственное	1
бессимптомно	1
бесцветная	1
бесчувстви	1
бешенство	1
бина	1
био	1
биокомпьютерной	1
биокомпьютерные	1
биокомпьютеру	1
биолокации	1
биотили	1
биоэнерг	1
биоэнергетическое	1
биоэнергоинформационное	1
биполярным	1
бифуркациями	1
бки	1
бко	1
благаго	1
благодатию	1
благодатная	1
благомудеянию	1
благоприятных	1
благословен	1
благословенна	1
благословив	1
блетато	1
близка	1
близки	1
близкоестроение	1
близкую	1
близнеец	1
блокада	1
блоками	1
блоки	1
блокирато	1
блокируя	1
блокового	1
блоковые	1
блтра	1
блуждающие	1
блуждающим	1
блюдца	1
бляшках	1
бляшку	1
богатая	1
богатство	1
богатый	1
богозеленого	1
богородица	1
божественная	1
божественной	1
божцен	1
божьей	1
бокам	1
боковаянадчревье	1
боковой	1
боковую	1
болгария	1
болевыми	1
болезнен	1
болезненные	1
болезненный	1
болезнетворных	1
болезнрис	1
болезнями	1
болей	1
болещитовидной	1
болизмадлител	1
болрешае	1
большеберцовая	1
большеберцовой	1
большеберцовых	1
большинства	1
большинство	1
бомбежка	1
бор	1
бороздках	1
борьба	1
борьбу	1
борьбы	1
боу	1
боумена	1
боуменовы	1
боярышник	1
бояться	1
брадр	1
бракй	1
брат	1
братья	1
брационный	1
бровями	1
брожпростр	1
бронхиальная	1
бронхиального	1
бронхиола	1
бронхолегочные	1
бронхосредостенному	1
бронхосредостенный	1
броом	1
брыжее	1
брыжеечная	1
брыжеечном	1
брыжеечную	1
брыжейку	1
брюшина	1
брюшиной	1
брюшину	1
брюшную	1
бу	1
бугру	1
буддизма	1
будете	1
буква	1
буквах	1
букву	1
бульбоуретальных	1
бульбус	1
бумага	1
бур	1
бурачник	1
бурая	1
буримагнитны	1
бурин	1
бурсит	1
бурсы	1
бывает	1
бываюткрайне	1
быстрой	1
быстрообновляющихся	1
бытовых	1
бытоие	1
бя	1
важна	1
важнуюроль	1
важныен	1
вазият	1
вазоконстрик	1
вазоконстрикционная	1
вакуумное	1
вакуумной	1
валино	1
вампир	1
вампиционны	1
вампчес	1
вание	1
ванику	1
варенная	1
варикозного	1
варикозное	1
варикоцеле	1
василек	1
василька	1
ватхиазма	1
ваше	1
вашейрадиэстезической	1
вающее	1
вающий	1
введены	1
введи	1
вверху	1
ввиду	1
ввода	1
вдоль	1
вдохе	1
вдыхаемого	1
вегетатив	1
ведав	1
ведет	1
ведической	1
ведущая	1
веерные	1
веерообразно	1
века	1
веками	1
веков	1
векторной	1
великий	1
великое	1
венечная	1
венечного	1
венечное	1
венечных	1
венноеи	1
венозного	1
венулаартериола	1
венуло	1
веоб	1
верба	1
верем	1
верис	1
верит	1
вернется	1
вероятность	1
вертизи	1
вертикальное	1
вертикальные	1
верующий	1
верхн	1
верхнелатеральные	1
верхнемедиальные	1
верхнему	1
верхнечелюстные	1
верхнещитовидные	1
верхушек	1
верхушечные	1
верхушка	1
верхушки	1
верхушку	1
веры	1
вестибулярного	1
вестибулярное	1
вестибулярные	1
ветвистые	1
ветвь	1
ветвясь	1
ветвящимися	1
веточках	1
веточки	1
ветряная	1
вечных	1
вечныя	1
веществами	1
веществе	1
веществу	1
вещье	1
взаимно	1
взаимное	1
взаимности	1
взаимодействии	1
взаимодействий	1
взаимодействовать	1
взаимодействует	1
взаимодействуют	1
взаимопроникающих	1
взаимосвязанных	1
взрослого	1
взялись	1
взять	1
вибрацией	1
вибрацию	1
вибрион	1
видами	1
видацы	1
видим	1
видимому	1
видимых	1
видно	1
видныежелезы	1
виду	1
виельным	1
вием	1
визилиевом	1
виллизиев	1
виния	1
вирсунгов	1
вирсунговым	1
вирусам	1
вирусным	1
високглаз	1
височ	1
височно	1
височный	1
височными	1
висух	1
висцерального	1
висцеральной	1
висцеральным	1
витаеди	1
витамина	1
вих	1
вихревой	1
вихревых	1
вишня	1
вияучени	1
вклиниванием	1
вклинивания	1
включают	1
включаются	1
включающей	1
включающий	1
включен	1
включенной	1
включенных	1
включены	1
включить	1
вкусовой	1
вкусовую	1
влагой	1
влагу	1
владеет	1
влениа	1
вли	1
вливается	1
вливающихся	1
влияние	1
влияниия	1
влияющий	1
влияющих	1
влияющую	1
вмания	1
вмешаться	1
вмешиваться	1
вмятину	1
внедрение	1
внедрения	1
внедряется	1
внезапной	1
вненей	1
внесение	1
внесите	1
внешнем	1
внешние	1
внешних	1
внешнюю	1
внешняячасть	1
внидеши	1
внимания	1
вно	1
внобронхиальная	1
вност	1
вноухо	1
внутр	1
внутрен	1
внутрение	1
внутреннем	1
внутреннему	1
внутренностного	1
внутрепереутовствие	1
внутрибрюшное	1
внутрижелезистые	1
внутриклеточная	1
внутриорганное	1
внутриткане	1
внутритканевая	1
внутритканевые	1
внутриядерная	1
внутриядерного	1
внынич	1
вобравшей	1
вовлекаться	1
вогголу	1
вого	1
вод	1
водван	1
водзе	1
водно	1
водолей	1
водоли	1
водопровода	1
водры	1
водсм	1
водянистая	1
водянистой	1
водянистую	1
водянистый	1
воеводо	1
воз	1
возбранный	1
возбу	1
возбудимос	1
возбудимость	1
возбудителями	1
возбуждающая	1
возбуждающие	1
возбуждающим	1
возведенное	1
возврат	1
возвратные	1
возвращают	1
возвращающие	1
возвращаясь	1
возвращению	1
возвышениям	1
возглавляемой	1
воздействием	1
воздействии	1
воздействует	1
воздух	1
воздушных	1
возле	1
возможной	1
возможны	1
возможных	1
возникает	1
возникать	1
возникающее	1
возникающие	1
возникающих	1
возникающую	1
возникновении	1
возникновению	1
возникший	1
возраста	1
возрастанием	1
возрасте	1
возрастом	1
вой	1
война	1
волнам	1
волнение	1
волновое	1
волновому	1
волновую	1
волнуйтесь	1
волосками	1
волосковым	1
волосковыми	1
волосковых	1
волосовидные	1
волосяные	1
волю	1
воля	1
вооружение	1
воп	1
воплощений	1
вопросах	1
ворированной	1
ворного	1
воронкой	1
воронкообразные	1
воротах	1
воротная	1
воротную	1
воротный	1
ворсинки	1
вос	1
восале	1
воспалении	1
воспаления	1
воспаленного	1
воспаленной	1
восписую	1
воспитание	1
восполняет	1
воспринимающая	1
воспринимающие	1
воспринимающий	1
воспринимающих	1
воспринятая	1
восприятия	1
воспроизводились	1
воспроизводится	1
восстанавливается	1
восстанавливать	1
восстанов	1
восстановительная	1
восстановительные	1
восстановительных	1
восстановлением	1
восстановлению	1
востоке	1
востокчувства	1
востребованы	1
восходящей	1
впадать	1
впадающая	1
впадающего	1
впадающей	1
впадающий	1
впадающими	1
впадения	1
впервые	1
вплоть	1
вправимые	1
вправляется	1
враги	1
врагов	1
враждебнос	1
вразн	1
врач	1
врачами	1
врачли	1
врачом	1
врачу	1
вращается	1
вращень	1
вредно	1
вредного	1
врежния	1
временное	1
временной	1
временных	1
врожденной	1
врожденный	1
врожденных	1
врозь	1
вручен	1
вручную	1
вс	1
всеблагая	1
вселиться	1
вспомогательными	1
вспомогательных	1
вставив	1
вставляем	1
вставляется	1
вставочные	1
встретить	1
встречаются	1
вступает	1
вступают	1
всяк	1
всякаго	1
всяких	1
всякойболезни	1
вторжение	1
вторичная	1
вторичной	1
вторичные	1
второе	1
втором	1
второму	1
вторую	1
вторым	1
ву	1
вуе	1
вуелю	1
вую	1
вующий	1
входа	1
входе	1
входных	1
входом	1
входы	1
входыв	1
входящая	1
входящие	1
выбирая	1
выбор	1
выбрав	1
выбрали	1
выбранной	1
выбрасывании	1
выбрасывают	1
выбрасывающейся	1
выбрать	1
выброса	1
выбросить	1
выбросу	1
выбухание	1
выведение	1
выведения	1
вывести	1
выводимых	1
выводных	1
выводятся	1
выворачиванию	1
выглядит	1
выдавать	1
выделения	1
выделенных	1
выделять	1
выделяются	1
выдерживают	1
выдыхаемым	1
выживаемости	1
выжидая	1
вызвав	1
вызвавшего	1
вызвавшие	1
вызвал	1
вызванной	1
вызванных	1
выздоравливает	1
выздоровление	1
вызывать	1
вызывающ	1
вызывающей	1
вызывающему	1
вызывающих	1
вызывающую	1
выйн	1
выкидыш	1
вылечив	1
вылечиться	1
вынашивания	1
выносящие	1
выносящих	1
выносящую	1
выпадения	1
выпало	1
выписываются	1
выполнение	1
выполнении	1
выполнения	1
выполняет	1
выполняется	1
выполнять	1
выполняющий	1
выполняя	1
выпуклости	1
выпуклость	1
выпускает	1
выпуске	1
выпускников	1
выпячивается	1
выпячивании	1
выпячиванию	1
выпячиваниями	1
выпячиваться	1
выпячиваются	1
вырабатываемые	1
вырабатываемых	1
вырабатываю	1
вырабатываются	1
вырабатывающей	1
выработанная	1
выражаемых	1
вырваться	1
вырезку	1
выростыслизистой	1
высока	1
высокая	1
высокий	1
высокого	1
высокоорганизованную	1
высокоспециализированном	1
высокую	1
высома	1
выстилают	1
выстилающего	1
выстилающей	1
выстилающие	1
выстилающий	1
выстилающую	1
выстланными	1
выступает	1
выступам	1
выступающий	1
выступы	1
высшзи	1
высшими	1
вытекает	1
вытекающими	1
выходами	1
выходе	1
выходит	1
выходить	1
выходного	1
выходное	1
выходу	1
выходыэнергии	1
выходящих	1
выхождение	1
вычесть	1
вычисляем	1
вышеназванного	1
вышеназванных	1
вышеописанному	1
вышеописанные	1
вышеописанным	1
вышеприведен	1
вышеприведенном	1
вышеприведенному	1
вышесформулированный	1
вышеуказанные	1
вышеуказанный	1
вышеуказанными	1
выявились	1
выявите	1
выявить	1
выявлении	1
выявлению	1
выявленные	1
выявлено	1
выявлять	1
выявляются	1
выяснять	1
вяданиеарс	1
вязюди	1
вяпро	1
гадру	1
газовым	1
газом	1
газообмена	1
газы	1
гайморова	1
ганглиев	1
ганглиозным	1
ганпов	1
гарантия	1
гастродуоденальная	1
гелев	1
гельминтовыми	1
гельминтовых	1
гельы	1
гематоликворного	1
гематом	1
гематома	1
гематоэнцефалитический	1
гематоэнцефаличес	1
гемек	1
геморрагичес	1
геморрой	1
ген	1
генерируем	1
генетики	1
генетическая	1
гениальное	1
генного	1
генный	1
генныйаппарат	1
геоме	1
геометрического	1
гепатоцитами	1
гепатоцитов	1
гермеса	1
гермесу	1
герметичность	1
гиалиновой	1
гибкость	1
гидативная	1
гилюсгрудн	1
гипертензии	1
гипертермии	1
гипертония	1
гиподинам	1
гипотала	1
гипоталамуса	1
гипоталамусами	1
гипофизом	1
гистидин	1
гистиоцитами	1
главное	1
глагол	1
гладкую	1
глазницами	1
глазнице	1
глазнничн	1
глазодвигательно	1
глазодвигательного	1
глазодвигательные	1
глазодвигательными	1
глазодвигательных	1
гласовас	1
глиальной	1
гликоген	1
глиоцитов	1
глипи	1
глистов	1
глицин	1
глицина	1
глию	1
гло	1
глобулин	1
глобулины	1
глотание	1
глотанием	1
глоткаи	1
глоточное	1
глоточном	1
глоточными	1
глубине	1
глубинно	1
глубоким	1
глубоко	1
глубокое	1
глупом	1
глюкагон	1
глюкозы	1
глюкортикоидов	1
глютаминовой	1
гма	1
гневнен	1
гнилостный	1
гнитнола	1
гнойник	1
гнойный	1
гнойтвер	1
гноние	1
гов	1
говорим	1
говорить	1
голеностопны	1
голенпальцы	1
голень	1
голенью	1
головками	1
головке	1
головки	1
головном	1
головному	1
головные	1
головным	1
головокруже	1
головокружения	1
головчатая	1
голографический	1
голографическим	1
голографического	1
голографической	1
голографическую	1
голосовой	1
голосовом	1
голосовые	1
голосовых	1
голпе	1
голь	1
гомеопат	1
гомеостатическая	1
гонадотропные	1
гонококк	1
горечавка	1
горечь	1
горизонтальная	1
горизонтальное	1
горизонтальной	1
горизонтальные	1
гормона	1
гормональной	1
гормональный	1
гормоном	1
гороховидная	1
горт	1
гортанного	1
гортанное	1
горький	1
горяевым	1
господавседержителя	1
государство	1
готовый	1
готовя	1
готовящий	1
гпортнияж	1
градации	1
градаций	1
граница	1
границе	1
границей	1
гранулоциты	1
грануляциями	1
графические	1
графическое	1
гребенчатая	1
гребешок	1
грест	1
грецкого	1
гречиха	1
гри	1
грибовидные	1
грибши	1
григория	1
гришиной	1
гроздей	1
грозят	1
грсоо	1
гру	1
грубоволок	1
грубоволокнистую	1
грудины	1
груднаянклетка	1
грудное	1
грудном	1
грудьпищевод	1
группами	1
группе	1
грчес	1
грыжах	1
грыжей	1
грыжу	1
грязи	1
губами	1
губу	1
губчатом	1
губчатые	1
гуморальный	1
густая	1
густо	1
гюк	1
давая	1
давлением	1
дается	1
даждь	1
дал	1
дало	1
дальнейшим	1
дальше	1
данная	1
данное	1
данному	1
даосизма	1
даркшевича	1
дату	1
даты	1
дачи	1
двенадцатиперстную	1
двенадцатиперстные	1
дви	1
двигательное	1
двигательную	1
двигательных	1
двигаться	1
движением	1
движениями	1
движениях	1
движется	1
двойное	1
двойной	1
двубрюшные	1
двуглапвая	1
двустворчатыми	1
двухстворчатого	1
дево	1
девяносто	1
девяти	1
девятом	1
дезоксикор	1
действием	1
действительные	1
действовать	1
действует	1
дейяд	1
дела	1
делает	1
делающее	1
деление	1
делиться	1
дело	1
дельтовидно	1
дельтовидные	1
делят	1
делящиеся	1
демонов	1
дендритов	1
дендритом	1
дендриты	1
департаментом	1
державу	1
дерма	1
дерме	1
десна	1
деснахнад	1
десятками	1
десятков	1
детализация	1
детализируем	1
детализируйте	1
деталь	1
детеа	1
дети	1
детородными	1
дефектов	1
дефицит	1
деформацию	1
деформироваться	1
дж	1
дзенбуддизма	1
диа	1
диабета	1
диагностируемой	1
диагностируют	1
диагностическая	1
диаграмм	1
диаграмму	1
диаметре	1
диапазонах	1
диапазоном	1
диапазоны	1
диартрозы	1
диафра	1
диафрагмальная	1
диафрагмой	1
диафрагму	1
дивертикул	1
диета	1
дизентерия	1
дикие	1
димел	1
дина	1
динамике	1
динныйканал	1
динцев	1
диняи	1
диплое	1
диплоическими	1
диплом	1
дипломов	1
директором	1
дисбаланса	1
дисках	1
диске	1
дистальные	1
дистальный	1
дителыи	1
диурез	1
диф	1
дифтерия	1
дичес	1
дка	1
дл	1
длинах	1
длинного	1
длинный	1
длиной	1
длительного	1
длщие	1
длясин	1
длящееся	1
длящимися	1
длящимся	1
дмпомка	1
днаямочеп	1
дндны	1
днем	1
днесрам	1
днкие	1
дногоизумру	1
дныбле	1
доб	1
добавляются	1
добавочного	1
добавочное	1
добились	1
довоза	1
довствопрокл	1
догадываетесь	1
дозревания	1
дозы	1
дойуе	1
доказана	1
доказывается	1
доклада	1
доктором	1
долга	1
долги	1
долговременной	1
доле	1
долевые	1
долевыебронхи	1
должен	1
должна	1
должником	1
должно	1
дольками	1
дольках	1
дольковых	1
дольку	1
дольше	1
дополни	1
дополнительное	1
дополнительной	1
дополнительными	1
допускается	1
допустим	1
допустимо	1
допустить	1
дорсальный	1
доставляют	1
доставляющие	1
достаток	1
достаточного	1
достаточное	1
достигается	1
достигнет	1
достижения	1
достичь	1
достоверности	1
достоин	1
досточудная	1
дофамина	1
доходящие	1
дочнокишечные	1
дпл	1
древа	1
древневосточной	1
древний	1
древних	1
древности	1
древо	1
древообразно	1
дру	1
другивибрационн	1
другигиперт	1
другийте	1
другин	1
другитаза	1
другой	1
другом	1
другоми	1
другу	1
другую	1
дружающих	1
друзей	1
друзьян	1
друзьянн	1
дстательной	1
дуайена	1
дугами	1
дуге	1
дуоденальный	1
дуоденальным	1
духи	1
духовидение	1
духовная	1
духовног	1
духовной	1
духовном	1
духу	1
дх	1
дц	1
дч	1
дчревье	1
дыеели	1
дыелизи	1
дыхательного	1
дыхательному	1
дыхательный	1
дыхательными	1
ебольл	1
ебя	1
ебятак	1
ева	1
евозе	1
евстахиева	1
евстахиевой	1
едеие	1
еделен	1
единица	1
единицах	1
единицы	1
единой	1
единому	1
единообразия	1
единсвязь	1
единственная	1
единую	1
единых	1
едн	1
едний	1
еднил	1
еднядн	1
едойрис	1
едплю	1
едыруш	1
ежд	1
ежду	1
еждум	1
ежевика	1
ежеминутно	1
ежесекундно	1
ежности	1
ез	1
езаменимые	1
езенка	1
еитив	1
ейнсем	1
ейсол	1
ейши	1
ейшие	1
ек	1
екатерины	1
екском	1
екц	1
елатанства	1
елены	1
елика	1
ело	1
елого	1
елселезен	1
елтел	1
елузы	1
ельные	1
ельсат	1
ельск	1
еме	1
емой	1
емпературой	1
ена	1
енегнеуд	1
енердег	1
еннооткрытость	1
енный	1
енных	1
енталя	1
ентовнеблагоприя	1
ентым	1
еопены	1
еп	1
ера	1
ерапияце	1
ервака	1
ергет	1
ерд	1
ериикт	1
ернальн	1
ероидва	1
ертсм	1
ерх	1
ескийг	1
есони	1
есс	1
ест	1
естерибляшки	1
естественная	1
естественно	1
естественное	1
естро	1
еструк	1
естрыи	1
естурт	1
етбез	1
етвен	1
ете	1
етическаиме	1
етнижн	1
ето	1
етоег	1
етоколовых	1
еу	1
еутомр	1
еф	1
ефосу	1
ех	1
ец	1
ецленив	1
ечениа	1
ечение	1
ечн	1
ечнлесте	1
ечные	1
ечо	1
еш	1
ещ	1
жаба	1
ждуна	1
жеванием	1
жевательная	1
жевать	1
желаемые	1
желательно	1
железистых	1
железосодержащего	1
желеобразный	1
желеобразным	1
желобовидные	1
желто	1
желудочках	1
желудочковые	1
желудочковый	1
желудочного	1
желудочную	1
желудочными	1
желчеобразо	1
желчепузырный	1
желчи	1
желчному	1
желчные	1
женах	1
жение	1
женой	1
женский	1
женским	1
женского	1
женскую	1
женщины	1
жес	1
жестокос	1
живеттри	1
живогоорганизма	1
живообласт	1
животным	1
живут	1
живых	1
жидким	1
жидкой	1
жидкостями	1
жидкую	1
жизненной	1
жиканали	1
жиног	1
жира	1
жирные	1
жиров	1
жировыми	1
жироподобные	1
жк	1
жн	1
жь	1
забестве	1
заблуждения	1
заболевании	1
забтив	1
забывать	1
заведений	1
завершения	1
завершив	1
завис	1
зависимость	1
зависят	1
завязался	1
завязывается	1
завязывания	1
заглоточ	1
зад	1
задает	1
задайте	1
задачей	1
задаю	1
задерживает	1
задерживается	1
заднепроходного	1
заднлочный	1
заднсто	1
заднябед	1
задняпередняя	1
заканчивается	1
заканчиваются	1
заканчивающейся	1
заканчивающие	1
заключенное	1
заключенный	1
заключенных	1
заключены	1
закодированные	1
законаммакрокосма	1
закономерности	1
закрепления	1
закрывает	1
закрываются	1
закрытое	1
закрытых	1
закупоку	1
закупорка	1
закупорки	1
закупорку	1
заложена	1
заложенных	1
заложить	1
замечание	1
замещающаяся	1
замещающую	1
замещением	1
замещения	1
замкнутую	1
замкнутый	1
замыкается	1
замыкаются	1
занесено	1
занесите	1
заниматься	1
занимающий	1
заннукт	1
западной	1
западразум	1
запастись	1
запахах	1
запахов	1
записали	1
записались	1
записался	1
записанного	1
записанную	1
записаны	1
записываем	1
заполнения	1
заполняют	1
заполняются	1
заполняющего	1
заполняющей	1
заполняющую	1
запрашивается	1
запрашивайте	1
запрашивая	1
запрета	1
запрещается	1
запрещено	1
запты	1
запущен	1
запястно	1
зарекомендовали	1
зарождаться	1
зарождающегося	1
зарядить	1
зарядки	1
засекаем	1
засекается	1
заслонками	1
заслонок	1
заслуживают	1
заставляет	1
застаивается	1
застой	1
заступление	1
затекает	1
затраченное	1
затрачивается	1
затрудняет	1
заты	1
затылкасердце	1
затылок	1
затылочных	1
затылочян	1
заушные	1
захватывая	1
заходящая	1
заходящую	1
зации	1
зачастую	1
зачеркнуть	1
защита	1
защите	1
защитная	1
защитного	1
защитным	1
защитой	1
защищают	1
защищающие	1
защищающую	1
защищены	1
заячья	1
збыьн	1
звездчатом	1
звездчатый	1
звездчатыми	1
звено	1
звития	1
звук	1
звуки	1
звуковая	1
звуковых	1
зд	1
здоровье	1
зеленая	1
зеленоватая	1
земальным	1
землейастральное	1
землейканал	1
землеймышечно	1
землейсп	1
землейуправление	1
землейым	1
землт	1
земляо	1
зернистые	1
зж	1
зк	1
зла	1
злаэр	1
зллуч	1
зло	1
злокализация	1
злокачесс	1
злословие	1
злу	1
злуст	1
зм	1
змвол	1
змеядругие	1
змочевая	1
знака	1
знания	1
значений	1
значимость	1
значит	1
значительные	1
значится	1
зная	1
зниая	1
зниые	1
зо	1
зоация	1
зован	1
зовуща	1
зодиа	1
золотист	1
золототысячник	1
зоне	1
зрачков	1
зрелости	1
зрелый	1
зреют	1
зрительная	1
зрительную	1
зрительных	1
зубами	1
зубная	1
зубом	1
зубчатый	1
зубчатым	1
зуд	1
зьавл	1
зятем	1
иvс	1
ибйка	1
иванова	1
ивановичем	1
ивотзы	1
игиозн	1
играет	1
идалы	1
иде	1
идеальная	1
идентификацию	1
идентифициру	1
идентифицируют	1
идентифицируются	1
идианы	1
идиич	1
идкостьазная	1
идная	1
идущий	1
идущих	1
иды	1
иегова	1
иейблуд	1
иемиэ	1
иерархичности	1
иже	1
ижнейобл	1
иза	1
избави	1
избавиться	1
избавлься	1
избежания	1
избни	1
избыточное	1
избыточность	1
избыточных	1
избыточотмершие	1
известен	1
известной	1
известны	1
извилине	1
извитыми	1
извлечена	1
извлечения	1
извнев	1
изгиба	1
изгибам	1
изгоняющих	1
излечению	1
изложено	1
излучающего	1
излучающие	1
излучводы	1
излуче	1
излучем	1
излучени	1
излучениями	1
измаи	1
измельченная	1
изменение	1
изменений	1
изменениях	1
измененными	1
измереwww	1
измерениях	1
изнеможет	1
изображенной	1
изображенные	1
изолейц	1
изолированное	1
изоляцию	1
изоног	1
изучалась	1
изучение	1
иисусе	1
иисусу	1
иките	1
икишкирис	1
икк	1
иклет	1
икраобласт	1
икроножная	1
икртро	1
илеоцекального	1
илеоцекальным	1
илнизкий	1
имареан	1
имаши	1
имбирь	1
именуемым	1
имешочек	1
имеющего	1
имеющееся	1
имеющиеся	1
имеющим	1
имеющими	1
имея	1
имеяй	1
иммунног	1
иммунную	1
иммунные	1
иммунный	1
иммуноглобулины	1
импульса	1
импульсами	1
инадлежн	1
иналан	1
инальный	1
инаминдал	1
инварианты	1
инг	1
инграмме	1
инграммой	1
индекса	1
инделете	1
индивида	1
индивидуально	1
индуизма	1
индусов	1
инженерной	1
инксм	1
иннервацией	1
иннервации	1
иннервация	1
иннервируемых	1
инним	1
инобластонечности	1
иног	1
инородные	1
инородными	1
инпар	1
инстинктивного	1
инстинктивном	1
института	1
инструментов	1
инструменты	1
инсулин	1
инсулинного	1
инсулиновой	1
инсулиновую	1
инсулиновый	1
интеграль	1
интенсивность	1
интерстициаль	1
интерстициальной	1
интерстициальными	1
интоксик	1
интоксикацией	1
интоксикации	1
интравертными	1
интуитив	1
интуитцбк	1
интуиция	1
инфекцией	1
инфекционных	1
инфекциям	1
информацией	1
информационная	1
информационное	1
информационную	1
информчм	1
иными	1
иоорганами	1
ипп	1
ираолей	1
ирныы	1
ироян	1
иртих	1
ируто	1
ирэне	1
искажение	1
искаженную	1
исказить	1
искать	1
исключает	1
исключая	1
исключить	1
искусст	1
искушающего	1
искушение	1
исл	1
ислама	1
исое	1
испном	1
исполнительному	1
исполнительным	1
использование	1
использовании	1
используем	1
используемая	1
используйте	1
используют	1
исправлен	1
исправляя	1
исприс	1
испсобирают	1
испуга	1
испытываемые	1
испытывают	1
испытывающими	1
испэнергоинформационное	1
исследований	1
исследователей	1
исследователями	1
исследуемого	1
истечении	1
истинными	1
истинных	1
истонченной	1
истории	1
источниками	1
исцелится	1
исцелиться	1
ителие	1
ительный	1
ительства	1
итн	1
итные	1
иудаизма	1
иудаизме	1
иф	1
ихии	1
иц	1
иче	1
ическиесредства	1
ичесть	1
ишк	1
ишкян	1
ишрис	1
ищ	1
ищем	1
ию	1
июньмай	1
иябез	1
ияляшк	1
иямикротромбы	1
ияолеван	1
иятел	1
йглент	1
йм	1
ймозг	1
йнмыш	1
йо	1
йога	1
йоговскими	1
йро	1
йсока	1
йт	1
каббале	1
каббалистические	1
кадровой	1
каждому	1
каждые	1
какаябат	1
каким	1
калаомни	1
календула	1
каловую	1
каловый	1
калоспирты	1
калькулятор	1
кальцийсодержащими	1
камбаловидная	1
камбаловидные	1
каминсос	1
камн	1
кан	1
каналпец	1
канальцами	1
канальцев	1
канаый	1
канаь	1
кандида	1
капиллярах	1
капли	1
капсулами	1
капсуле	1
капсулу	1
капуста	1
капустачерная	1
карава	1
кардиа	1
кардиального	1
кардии	1
каризменения	1
каркаса	1
карма	1
карманообразную	1
карманы	1
кармическим	1
кармическому	1
кармойо	1
картину	1
касающиеся	1
касла	1
каузсоциум	1
кацига	1
качания	1
качеств	1
качества	1
качеству	1
кашель	1
кашле	1
кающиные	1
кв	1
квадрат	1
квадратная	1
квартиры	1
кварцевые	1
квинке	1
квона	1
кеновые	1
кеслода	1
кетер	1
кибернетическую	1
кие	1
киевская	1
киеые	1
кийстр	1
киллеры	1
кириллицы	1
кислое	1
кислотааргинин	1
кислотой	1
кислоту	1
киств	1
китайской	1
китайцев	1
киш	1
кишечная	1
кишечнике	1
кишечнику	1
кишечное	1
кишечные	1
кишечным	1
кишок	1
клапанах	1
клапанов	1
классификацию	1
классификация	1
классического	1
кластерах	1
клевета	1
клеткк	1
клетку	1
клеточная	1
клеточны	1
клеточный	1
клетчатку	1
кли	1
клиновид	1
клиновидной	1
клиновидный	1
клинописи	1
клиственное	1
клитор	1
клубничный	1
клубочку	1
клюая	1
клюв	1
клюва	1
клювовид	1
ключам	1
ключевое	1
ключевые	1
ключи	1
ключицу	1
кля	1
книгпо	1
кнр	1
кобаламин	1
кодов	1
коезя	1
коеэк	1
кожейи	1
кожистыми	1
кожные	1
кожных	1
кожура	1
козероглей	1
кой	1
коклюш	1
кол	1
колбочек	1
колбочки	1
колебаний	1
колебаться	1
колеблющимся	1
колена	1
коленей	1
коленный	1
коленных	1
коленчатом	1
колибацилла	1
колика	1
количестве	1
количеству	1
коллагеновых	1
коллапс	1
коллатералей	1
коллатеральное	1
коллективному	1
коллоидный	1
колонка	1
кольца	1
кольцо	1
кольцом	1
команда	1
командуют	1
команды	1
коми	1
комочки	1
комплексы	1
комплект	1
компонентами	1
компонентом	1
компот	1
компьютер	1
компьютера	1
комтви	1
кому	1
конгрессе	1
конеоб	1
конечно	1
конечного	1
конечной	1
конечностям	1
конечностях	1
конечную	1
конечными	1
конкретно	1
конкретную	1
конкретные	1
конкретным	1
конкретными	1
конс	1
конского	1
консмерть	1
контактируете	1
контактов	1
контролируя	1
контрольный	1
контуры	1
конус	1
конфессии	1
конфессиях	1
конфликт	1
конца	1
концевая	1
концевой	1
концевую	1
концентрацию	1
концом	1
концы	1
кончаявнутриядерным	1
кончиках	1
конъюнктивальный	1
конъюнктивой	1
конъюнктивы	1
координации	1
координацию	1
координи	1
координирует	1
координирующий	1
копчикового	1
копчиковому	1
кор	1
кора	1
корень	1
корковаом	1
корковое	1
корковом	1
коркчово	1
корневой	1
корни	1
короткой	1
короче	1
корректирующие	1
корсета	1
кортиева	1
кортизона	1
кортикальные	1
кортикостероидов	1
кортикостерона	1
кортикотропин	1
корь	1
косвенными	1
космической	1
космосаанахата	1
космосарис	1
космосасвязь	1
космосательно	1
космосаэфирное	1
космосом	1
косой	1
кост	1
костеобразователи	1
костном	1
костному	1
костную	1
костным	1
костью	1
котьп	1
коф	1
кофе	1
краев	1
краевого	1
краем	1
крайне	1
крайняя	1
крамии	1
краниопункт	1
краниопункту	1
красноядерно	1
красные	1
краткиесправочные	1
краями	1
кремния	1
крепкий	1
кресс	1
крестцова	1
крестцово	1
крестцовое	1
крестцовой	1
крестцом	1
крещены	1
криз	1
кристаллические	1
кристаллических	1
кристаллической	1
кристаллов	1
критичес	1
критического	1
кров	1
кроветворную	1
кровоизлиянием	1
кровоснаб	1
кровоснабжения	1
кровотечения	1
кровянистый	1
кровяного	1
кровяных	1
крооиб	1
кроты	1
круга	1
круглой	1
круговая	1
кружокбольшая	1
крупный	1
крупными	1
крупныхбронхов	1
крылом	1
крыльев	1
крыши	1
крючка	1
крючки	1
крючковидная	1
крючок	1
ксиор	1
ксипр	1
ксоле	1
ктивным	1
ктуточ	1
кубдр	1
кукурузные	1
куперова	1
куперовы	1
куперовых	1
купольной	1
купфера	1
куст	1
кую	1
лабиринтами	1
лабиринте	1
лабиринту	1
лабиринты	1
лаборатории	1
лавровый	1
лаг	1
лагласо	1
ладонно	1
ладонные	1
ладонных	1
лакуны	1
ламбдовидный	1
ламкварц	1
ланных	1
ланце	1
лаподборо	1
ларингиты	1
ластв	1
ластераль	1
ласти	1
лась	1
латеральное	1
латиницы	1
лебеда	1
леводцесер	1
левом	1
левому	1
левстрелец	1
левым	1
левыми	1
левых	1
лег	1
легк	1
легко	1
легочного	1
легочное	1
легочной	1
легочному	1
лежачем	1
лежащего	1
лежащие	1
лезно	1
лейкоза	1
лейкоцитами	1
лейцин	1
лек	1
лекой	1
лем	1
лементов	1
ленени	1
лениес	1
ленияховн	1
ленное	1
леноп	1
ленточные	1
лепестки	1
лепестков	1
лепроток	1
лептин	1
лерге	1
лессура	1
лестничные	1
летаргическ	1
летоле	1
леч	1
лечению	1
лечите	1
лечиться	1
лж	1
лживый	1
лидерэкономического	1
лиирепти	1
ликвидацией	1
ликвидацию	1
ликвидировав	1
ликвидируют	1
ликвидирующие	1
ликтрис	1
лим	1
лимбическая	1
лимфатическими	1
лимфатическом	1
лимфе	1
лимфоцитами	1
лингвистическая	1
лингвистического	1
линейный	1
линией	1
линию	1
линырис	1
липа	1
липаза	1
липазу	1
липокаин	1
липченко	1
листа	1
листовидные	1
листом	1
литературе	1
литературы	1
лицевая	1
лицевого	1
лицер	1
лицомуу	1
лицу	1
личного	1
личном	1
личному	1
личность	1
личный	1
личных	1
лишаи	1
лишенные	1
лиярис	1
лкогдие	1
ллаглисты	1
ллеум	1
лнньовой	1
лны	1
лобковой	1
лобковые	1
лобковый	1
лобком	1
лобный	1
лобязык	1
лог	1
логжденн	1
лодиальной	1
лодыжки	1
ложки	1
лок	1
локализации	1
локализацию	1
локализуются	1
локальные	1
локальным	1
локана	1
локачественный	1
локотьживот	1
локтей	1
локтоевгая	1
лом	1
лон	1
лопается	1
лопаткой	1
лопаточн	1
лопаточно	1
лопаховая	1
лость	1
лотделкопчиковый	1
лоханка	1
лоханке	1
лохасе	1
лочис	1
лощземн	1
лощитов	1
лпатологии	1
лудочс	1
луковицах	1
луковицу	1
лунаног	1
лунные	1
лупаскор	1
луча	1
лучвт	1
луче	1
лучевых	1
лучезапястный	1
лучей	1
лучени	1
лучистости	1
лучистость	1
лучистую	1
лучлуч	1
лучом	1
лучшей	1
лч	1
лчьже	1
лые	1
лыхте	1
лькашпи	1
льнаяпал	1
льные	1
льныеа	1
льныые	1
льс	1
льсчн	1
льций	1
льшшц	1
лю	1
любаядругая	1
любви	1
любоблагоутробная	1
любом	1
любому	1
любым	1
людям	1
люедевйоздействие	1
люзадн	1
люная	1
люцифер	1
лямблии	1
лянепту	1
ляцию	1
ляюни	1
маакупункт	1
мабронхи	1
магистральные	1
магистральными	1
магистральных	1
магнитного	1
маговый	1
магсф	1
магуправлйеэнергией	1
маечо	1
маиюль	1
майя	1
мак	1
макис	1
макроглию	1
макроопухоли	1
макрофагам	1
макрофаги	1
макрофагов	1
макроэлеммикро	1
максимальной	1
макула	1
макушка	1
макушкаголовы	1
малаяпочечная	1
маленькими	1
малина	1
малоберцовая	1
малоберцовой	1
малойвеной	1
малом	1
малым	1
малыми	1
малыхколичествах	1
мальный	1
мальпигиев	1
мальтазу	1
мальтозу	1
малярияугольная	1
мандалы	1
марие	1
массажав	1
массажпо	1
массивный	1
математиком	1
материальная	1
материального	1
материальном	1
материальный	1
материальными	1
материи	1
мати	1
матку	1
маточная	1
маточных	1
матрикс	1
матрицу	1
матрицы	1
мать	1
машина	1
машины	1
мб	1
мв	1
мегеопа	1
медвма	1
медиальное	1
медиальных	1
медиатора	1
медиаторов	1
медиатором	1
медиумом	1
медленнее	1
медленно	1
медуллярные	1
межбровья	1
межгрудные	1
междольковыми	1
междольковых	1
междуаними	1
международного	1
международном	1
международную	1
межзапястные	1
межклапанное	1
межклеточные	1
межклеточным	1
межкостные	1
межножкового	1
межпещеристые	1
межпозвонковым	1
межталамическ	1
межтканевая	1
межузловые	1
межузловыми	1
межфаланговые	1
мезлок	1
мезонефрос	1
мезэнцефалитического	1
мезэнцефалического	1
меланинов	1
меланотропин	1
меланофоры	1
меланоциты	1
мелатонин	1
мелот	1
мембрана	1
мембранах	1
мембрану	1
мемолочная	1
менахинон	1
мене	1
менингиальные	1
менингиальным	1
менингококк	1
мениски	1
менструальное	1
ментальная	1
ментальную	1
ментов	1
ментпрямая	1
меньшее	1
меньшей	1
меньший	1
меньшимдавлением	1
меняются	1
меридианам	1
меридианами	1
меридианом	1
мест	1
месте	1
местное	1
местонахождение	1
местонахождений	1
месяц	1
месяцев	1
мет	1
метаболическая	1
металдерева	1
металлот	1
метапродукт	1
метастазы	1
метаталамуса	1
методами	1
методики	1
методику	1
механизма	1
механизме	1
механизмов	1
механичес	1
механической	1
мечзне	1
мечом	1
мешковидное	1
мешком	1
мешочек	1
мешочки	1
мешочков	1
миграции	1
миграция	1
мигрируют	1
мигрирующие	1
миелиновую	1
миелоидной	1
микробов	1
микроглии	1
микроглио	1
микроглию	1
микрококк	1
микроопухоли	1
микроорганизмами	1
микроскопи	1
микрофауна	1
микрофауны	1
микрофлора	1
микрофлоры	1
микроциркуляторном	1
микроциркуляторную	1
микроэ	1
микроэлементов	1
миллиардов	1
миллиона	1
миллионов	1
миллионы	1
милосердие	1
милостиваго	1
мимические	1
мимической	1
миндалевидном	1
миндалина	1
минералокортикоидов	1
минеральных	1
минимизации	1
министерства	1
минуту	1
миокард	1
миокарда	1
миометрия	1
миоциты	1
митрального	1
михаил	1
михаилу	1
мич	1
мишени	1
мишенями	1
младенцев	1
младенческого	1
млене	1
мление	1
мленитизм	1
млечныйсинус	1
мма	1
ммир	1
мн	1
мнаой	1
многие	1
многим	1
много	1
многократно	1
многократного	1
многолетняя	1
многомгетические	1
многомерен	1
многомерную	1
многомерным	1
многообразны	1
многообразных	1
многослой	1
многослойная	1
многослойного	1
многослойные	1
многочисленными	1
множеством	1
моадо	1
мобилизует	1
могаи	1
могу	1
модин	1
мое	1
моему	1
можеши	1
мозговапо	1
мозговом	1
мозговому	1
мозговыми	1
мозгол	1
мозгом	1
мозгомм	1
мозгу	1
мозжечко	1
моим	1
молекулярная	1
молекулярного	1
молитвами	1
молитвослову	1
молниеносным	1
моло	1
молодое	1
молозиво	1
молоку	1
молоточек	1
молоточка	1
молоточком	1
молочная	1
молочно	1
молочной	1
молю	1
моминерал	1
мон	1
монастыре	1
монастырь	1
монотонн	1
монроевое	1
моргание	1
морковь	1
морская	1
мосне	1
мостом	1
мостосреднемозговая	1
моторную	1
мочеваясистема	1
мочевпузыря	1
мочевыделения	1
мочеиспускания	1
мочеполовых	1
мочепузырное	1
мочеточниках	1
мочой	1
мошонка	1
мошонке	1
мошонки	1
мошоночная	1
моя	1
мп	1
мужским	1
мужской	1
мужскому	1
мужскую	1
музыие	1
муладхар	1
мунитета	1
мунуки	1
мускулатуру	1
мускулатуры	1
мускулистый	1
мусминдалевидное	1
муфты	1
муцин	1
мц	1
мыми	1
мыслебуквы	1
мыслей	1
мыслью	1
мыслям	1
мышечное	1
мышечнойоткани	1
мышечном	1
мышление	1
мышления	1
мышцам	1
мышцей	1
мыщелковых	1
мягкая	1
мякоть	1
мясистые	1
наблюдать	1
наблюдаются	1
наблюдающуюся	1
набором	1
наве	1
наверху	1
нависающей	1
навыках	1
надавливании	1
надблоковые	1
надбугорья	1
надгортанника	1
надгортаннике	1
надгортанником	1
надключичные	1
надкостницей	1
надкостницу	1
надмозолистая	1
надобности	1
надпочечниками	1
надпочечниковое	1
надпочечниковые	1
надчревной	1
надчревные	1
надшишковидное	1
назад	1
назван	1
названиях	1
названные	1
назначение	1
называем	1
называемое	1
называемую	1
наибольшее	1
наибольшей	1
наименованием	1
наименьшие	1
найденного	1
найденной	1
найденные	1
найдя	1
найти	1
накапливается	1
накапливаются	1
накапливающего	1
наклонная	1
наковальни	1
наковальня	1
наконец	1
накопительный	1
накопление	1
накоплений	1
нал	1
наложенная	1
наложенного	1
наложены	1
наложилось	1
намерения	1
намета	1
намокнет	1
нан	1
нанесенные	1
нап	1
написать	1
наподобие	1
наполнен	1
наполнена	1
наполнения	1
наполненной	1
наполнены	1
наполняет	1
направи	1
направлении	1
направления	1
направленными	1
направля	1
направляющиеся	1
направляющийся	1
направляясь	1
напрасныя	1
напря	1
напрягатель	1
напряжения	1
напряженную	1
нарисовать	1
народное	1
народной	1
народом	1
наружном	1
нарушен	1
нарушение	1
нарушений	1
нарушению	1
нарушениями	1
нарушенные	1
нарушены	1
насекомых	1
наследственных	1
настави	1
настоящая	1
настроением	1
настройки	1
насущный	1
насытившись	1
насыщенная	1
наталь	1
натощак	1
натрия	1
натяжения	1
наука	1
наукой	1
научная	1
находиться	1
находясь	1
находящаяся	1
находящихся	1
нахождением	1
начав	1
начала	1
началу	1
начальная	1
начальное	1
начальную	1
начальный	1
начинаем	1
начинать	1
начинаться	1
начинают	1
начинающейся	1
начинающиеся	1
нашим	1
нгу	1
нгуолягцию	1
нд	1
небес	1
небесех	1
небеси	1
неблагополучии	1
небная	1
небные	1
небныеминда	1
небольшие	1
небольшом	1
неботрицате	1
невесткой	1
невидимых	1
невозможности	1
невоспалительный	1
невоспринимающей	1
невправимые	1
неврогенная	1
невронов	1
невроцитов	1
невыносимые	1
невыявленной	1
негативная	1
негативной	1
негативную	1
недель	1
недержанию	1
недие	1
недой	1
недостаток	1
недостаточное	1
недостаточности	1
недостаточность	1
недостающих	1
неж	1
нежную	1
независимого	1
независимые	1
незамедлительно	1
незначительное	1
незначительной	1
неиероглифических	1
неизвестно	1
неизвестной	1
неизвестные	1
неизлечимыми	1
неизреченное	1
нейритами	1
нейрогипофиз	1
нейрогипофиза	1
нейроглию	1
нейроглия	1
нейролик	1
нейрональный	1
нейтрализующий	1
нейтрализуя	1
нейтральным	1
некоторым	1
некоторыми	1
нелды	1
немецким	1
немо	1
немощствующее	1
нему	1
ненужное	1
необходимое	1
необходимой	1
необходимость	1
необходимую	1
необходимых	1
необязательно	1
неорганические	1
неорганических	1
неосознаваемой	1
неосознанно	1
неосознанные	1
неотработанные	1
непарное	1
непарную	1
непарные	1
неперекрещенные	1
непобедимую	1
непокойчицким	1
неполноценности	1
непосредственным	1
непочитание	1
неправильно	1
непредсказуе	1
непредсказуемых	1
непреложного	1
непрерывные	1
неприятно	1
непроглию	1
непроизвольно	1
нервный	1
нервом	1
нередко	1
нерми	1
несгис	1
несет	1
нескольким	1
несмь	1
неспадающиеся	1
неспецифическими	1
нестабильной	1
нетрудно	1
неустойчивой	1
неустранимыми	1
нешмы	1
нешстре	1
неявно	1
нибудь	1
ниеан	1
ниеен	1
ниеитн	1
ниеорганы	1
ниеос	1
ниеотлож	1
нижеследу	1
нижеследующему	1
нижнечелюстной	1
нижнечелюстные	1
нижнечелюстных	1
нижним	1
низкая	1
низради	1
низший	1
никид	1
никии	1
никиэгр	1
никогда	1
нил	1
нимаются	1
нистую	1
нитка	1
нить	1
ничего	1
ничтожно	1
ниях	1
нияхд	1
нкаяи	1
нкрлу	1
ннаен	1
нного	1
нност	1
нносящий	1
нны	1
нныачес	1
нные	1
нныйи	1
нняя	1
нов	1
новидностью	1
новорожденным	1
новый	1
ногис	1
ногобря	1
ногови	1
ножек	1
ножковые	1
нойзем	1
нойспмионзг	1
ноказывающих	1
нокис	1
нол	1
ном	1
номенкла	1
номенклатурой	1
ному	1
норадреналин	1
норадреналина	1
нормальный	1
нормальным	1
нормальных	1
носителями	1
носового	1
носовых	1
носоглоткой	1
носоглотку	1
носогубные	1
носослезные	1
ность	1
ностьпальцев	1
носят	1
нотканного	1
ночные	1
ноярал	1
нпв	1
нрис	1
нсистема	1
нтрени	1
нты	1
нтыоксида	1
нтябр	1
нужен	1
нужна	1
нужных	1
нулевую	1
нуткол	1
нутслизист	1
ныеая	1
ныежелезы	1
нымежду	1
ными	1
нымиь	1
нымкан	1
няющее	1
оа	1
оакти	1
обедненная	1
обезвоживание	1
обезвреживающие	1
обезвреживающий	1
обезопасит	1
обеими	1
обеспечения	1
обеспечивается	1
обеспечивался	1
обеспечивающее	1
обеспечивающими	1
обитает	1
обитают	1
обкладочными	1
обладает	1
обладают	1
обладающих	1
обладающую	1
облегчающей	1
облегчающих	1
облегчение	1
обмениваются	1
обменную	1
обморок	1
обнаружен	1
обнаружена	1
обнаружением	1
обнаружению	1
обнаружено	1
обнаружены	1
обнаруживается	1
обнаружил	1
обнаружить	1
обновляющийся	1
обобщающих	1
обобщенная	1
обогащенную	1
обогревателя	1
ободочно	1
обозначают	1
обоим	1
обоими	1
обонятельной	1
обострение	1
образам	1
образное	1
образовавшейся	1
образовавшийся	1
образовалась	1
образованная	1
образованного	1
образованную	1
образованным	1
образовательных	1
образовываться	1
образующе	1
образующего	1
образующееся	1
образующей	1
образующемуся	1
образующий	1
образующихся	1
образующуюся	1
обрамляющими	1
обратившись	1
обратитесь	1
обратить	1
обратный	1
обращение	1
обращения	1
обращенного	1
обращенных	1
обрезанный	1
обследования	1
обследуемого	1
обслужимат	1
обстоятельства	1
обучении	1
обучения	1
общему	1
общностью	1
объединение	1
объединяет	1
объединяться	1
объединяются	1
объединяющая	1
объединяющего	1
объединяющие	1
объективной	1
объективные	1
объективных	1
объектместо	1
объемного	1
объемные	1
объемный	1
объемом	1
обызвествленная	1
обызвествленно	1
обыч	1
обычное	1
обычной	1
обычные	1
обычный	1
обычных	1
обязат	1
обязательной	1
овальный	1
ованиф	1
ованног	1
оведе	1
ови	1
овоциты	1
овуляцию	1
овытон	1
огабо	1
огболезь	1
огвет	1
оггия	1
огичесн	1
огичле	1
огкрасн	1
огла	1
оглавлению	1
оглментальные	1
огло	1
ограда	1
ограничения	1
ограниченного	1
ограниченное	1
одапа	1
одеждой	1
одержанием	1
одето	1
оджзан	1
одики	1
одинаковые	1
одинаковым	1
одиночества	1
одиночка	1
однако	1
одних	1
одноименные	1
одноименным	1
однослойный	1
однослойными	1
одошрхппо	1
одпре	1
одсля	1
одсо	1
одсте	1
одызни	1
одыног	1
ож	1
ожеотл	1
ожидаемого	1
ожидать	1
ожидают	1
ожирении	1
ожог	1
ожпол	1
оздалы	1
оздеич	1
ознак	1
ознакомиться	1
оказались	1
оказана	1
оказывает	1
оканч	1
оканчивающийся	1
окислительно	1
окись	1
окно	1
оковб	1
околовлагалищные	1
окологрудинные	1
окологрудные	1
околомочепузырные	1
околоободочнокишечные	1
околопищеводные	1
околоплодная	1
околопрямокишечные	1
околопупочная	1
околосердечной	1
околососковый	1
околотрахеальные	1
околоушные	1
околоушных	1
оконтурить	1
окончаний	1
окончательный	1
окр	1
окраску	1
окруа	1
окружающее	1
окружен	1
окружения	1
окруженного	1
окруженное	1
окруженный	1
окруженных	1
окружено	1
окружены	1
окружности	1
окружностями	1
оксифильные	1
октаэдр	1
окупается	1
олансте	1
олгол	1
олдуно	1
олено	1
оливоспинальный	1
олигодендроглией	1
олигодендроглиоцитами	1
олигодендроглию	1
олигодендроцитов	1
олииг	1
олиопух	1
олликвор	1
олно	1
олног	1
оло	1
оловабласти	1
олрми	1
олруб	1
олсин	1
олстой	1
ольха	1
омагн	1
омела	1
омертвения	1
омиум	1
омнар	1
омполя	1
ому	1
онемениие	1
оникс	1
онкологических	1
онкология	1
онная	1
оннги	1
онныйэнергоинформаци	1
оо	1
опаразит	1
опасны	1
оперативной	1
операцией	1
операции	1
операций	1
опираться	1
опираясь	1
описанием	1
описанном	1
оплетающих	1
оплетенные	1
оплетены	1
оплодотворению	1
опнонзывонохчондиык	1
опорная	1
опорной	1
опорную	1
опору	1
опосредованно	1
опр	1
определений	1
определенную	1
определенные	1
определенным	1
определив	1
определяются	1
определяющую	1
опренка	1
оприн	1
опубликованы	1
опускающая	1
опутывающую	1
опухолевых	1
опухолей	1
опущенных	1
опытных	1
оранжевоого	1
организмов	1
организованы	1
органических	1
органом	1
органсо	1
орехасосновые	1
ориентацией	1
ориентированы	1
орма	1
ормоналие	1
оруровень	1
освещение	1
освещении	1
освободитесь	1
освободиться	1
освобождается	1
освоении	1
освоения	1
освоившим	1
освоить	1
осдругие	1
оси	1
ослабляет	1
осложнений	1
осн	1
основанwww	1
основании	1
основаниям	1
основателем	1
основательной	1
основе	1
основную	1
особая	1
особое	1
особр	1
особую	1
особых	1
осознаваемой	1
осознаваемый	1
осознавая	1
осознания	1
осознанн	1
осознанные	1
оср	1
ост	1
оставаться	1
остави	1
оставить	1
оставляем	1
остается	1
осталась	1
осталось	1
остальная	1
остальную	1
остальными	1
останавливают	1
остановиться	1
остановку	1
остатки	1
остаток	1
остеобласты	1
остеокласты	1
остеопороз	1
остие	1
остиполу	1
остистые	1
остнед	1
осторожно	1
острая	1
острицы	1
островка	1
островкам	1
остроты	1
острый	1
остьп	1
осуществить	1
осуществляющееся	1
осуществляющийся	1
осуществляющих	1
осуществляя	1
ота	1
отверстием	1
отверстии	1
отверстиям	1
отверстиями	1
отвесно	1
ответах	1
ответвлений	1
ответвленные	1
ответные	1
ответственны	1
отвечает	1
отвечать	1
отвечающий	1
отводят	1
отводящего	1
отдав	1
отдавая	1
отдает	1
отделами	1
отделена	1
отдельного	1
отдельные	1
отделяются	1
отделяющие	1
отделяющий	1
отделяющуюся	1
отдыха	1
отдыхать	1
отейст	1
отек	1
отеки	1
отекние	1
отечные	1
отжени	1
отзывами	1
отино	1
отказаться	1
отклонеиненны	1
отклонениями	1
отклоняющиеся	1
откорректирована	1
открино	1
откроется	1
открыв	1
открывает	1
открывающийся	1
открывшиеся	1
открытиям	1
открытой	1
открытым	1
открытых	1
отксерокопировать	1
отличаться	1
отличаются	1
отложения	1
отметить	1
отметки	1
отмечается	1
отмеченных	1
отмирающих	1
отмирая	1
отнесены	1
относительную	1
относительных	1
отношению	1
оторвавшийся	1
отработал	1
отработан	1
отражается	1
отражающем	1
отражена	1
отражены	1
отрвн	1
отрезан	1
отрицатель	1
отрицательно	1
отрицательной	1
отростка	1
отростком	1
отс	1
отслеживанием	1
отслеживания	1
отслеживать	1
отсуе	1
отсутствует	1
отсюда	1
оттекает	1
оттока	1
оттуда	1
отходящего	1
отходящий	1
отца	1
отцы	1
отшелушива	1
оуити	1
офлта	1
охватыва	1
охватывает	1
охлгеопа	1
охоес	1
оценке	1
очагах	1
очередность	1
очертания	1
очисти	1
очистку	1
очищает	1
очищается	1
очищающие	1
очищению	1
очищения	1
очищенным	1
очищмаг	1
очк	1
очноосут	1
ошибках	1
ошиблись	1
ошибочным	1
ощущаем	1
ощущений	1
ощущениость	1
ощущениями	1
ощущнедо	1
оя	1
паг	1
падаы	1
пазух	1
пазухгаоноси	1
палочек	1
палочканекоторые	1
пальцевидные	1
пальцы	1
пальцыкисти	1
пальцыпо	1
пальцыстопы	1
память	1
панкреатиче	1
панкреатические	1
панкреатическим	1
панкреатических	1
панкреатическое	1
панкреатодуоденаль	1
пантанасса	1
параганглиев	1
парагиппокампальной	1
паразитирует	1
парализуют	1
параличом	1
параметрам	1
параметрами	1
параметром	1
парасимпати	1
парасимпатичес	1
парасимпатическими	1
парасимпатических	1
парасимпатическую	1
паратгормон	1
паратиф	1
паратрахеальные	1
паращито	1
паре	1
паренхима	1
париетального	1
париетальный	1
парная	1
парных	1
парой	1
партнера	1
пару	1
парус	1
парусе	1
парчагн	1
паслен	1
пассивно	1
пассивные	1
паст	1
паталогических	1
патогенная	1
патогенным	1
патологические	1
патологический	1
патологических	1
патологиями	1
паутинарис	1
паутинная	1
пахами	1
пахвис	1
паховых	1
пациенту	1
пдвенадцатиперстная	1
пегон	1
пейерова	1
пеке	1
пеккета	1
пепсиноген	1
пер	1
первичная	1
первичному	1
первичных	1
первого	1
первоисточник	1
первом	1
первоначальное	1
первым	1
переваривание	1
перевариванию	1
переверните	1
переводе	1
перегородке	1
перегородкой	1
передайте	1
передаче	1
передают	1
передающие	1
передающиеся	1
передающий	1
передающими	1
передвигается	1
передвижение	1
переднее	1
переднему	1
переднесре	1
переднесрединногонканала	1
переднесрединныйо	1
пережевывания	1
переживавшихся	1
пережим	1
перекачивается	1
перекладины	1
переключаются	1
перекресту	1
перекрещенные	1
перекрещиваются	1
перекрещивающихся	1
перекрывая	1
перекрыть	1
перел	1
переломы	1
перемена	1
перемешивается	1
перемещаться	1
перемычками	1
перенесенного	1
перенос	1
переноса	1
переносить	1
перенося	1
переносящихся	1
переполнение	1
перепонка	1
перепончатом	1
перерабатывающая	1
переработ	1
переработанной	1
перераспределении	1
перескакивать	1
перестает	1
перестраивается	1
переходим	1
переходного	1
переходные	1
переходный	1
переходным	1
переходят	1
переходящие	1
переходящим	1
перечакр	1
перечисленных	1
перечислены	1
перечислить	1
перечислять	1
перечнем	1
периваскулярные	1
перикарионов	1
перикариону	1
перилимфа	1
перилимфе	1
перилимфой	1
периметрия	1
периоде	1
периодически	1
периодическими	1
периодов	1
периодом	1
периоду	1
периоды	1
перистальтических	1
периферические	1
периферическую	1
перми	1
перник	1
перпендикулярных	1
персонал	1
персональной	1
перспайедняя	1
перстневидный	1
перстнещитовидная	1
перчн	1
песвч	1
петель	1
петлдя	1
петле	1
петли	1
петлю	1
петлями	1
петровым	1
петрушка	1
печеночная	1
печеночно	1
печеночного	1
печеночное	1
печеночную	1
пигмента	1
пигментированного	1
пигментная	1
пигментного	1
пигментной	1
пигментный	1
пигментным	1
пигментными	1
пизло	1
пилорические	1
пилотем	1
пингале	1
пингалы	1
пиоциановая	1
пир	1
пирамидальная	1
пирамидальной	1
пирамидах	1
пирамидный	1
пирамидой	1
пирамиды	1
питает	1
питанит	1
питания	1
питанияэфирных	1
питательно	1
питательной	1
питательными	1
пифагором	1
пишем	1
пищевари	1
пищеварительного	1
пищеварительную	1
пищеводной	1
пищеводному	1
пищеводным	1
пищевые	1
пищей	1
пищесо	1
пищол	1
пк	1
пки	1
пламя	1
планет	1
планете	1
пластами	1
пластинчатую	1
пластическая	1
пласты	1
платонодругие	1
плацен	1
плацента	1
плаценты	1
пле	1
плевра	1
плевральной	1
плевральные	1
плевральным	1
плеврараг	1
плеврой	1
плевру	1
плеврыпри	1
плена	1
плес	1
плесень	1
плечевое	1
плечеголовная	1
плечеголовной	1
плечеголовные	1
плечелоктевой	1
плечелучевая	1
плечелучевой	1
плечелучевые	1
плечозатылок	1
пло	1
плоские	1
плоскостях	1
плотный	1
плотных	1
плохогосамочувствия	1
площади	1
плюснапр	1
плюсневые	1
пневмобацилла	1
пневмококк	1
пнино	1
победи	1
победитель	1
победителю	1
поблизости	1
побои	1
пов	1
поведении	1
поверхностно	1
поводка	1
поводки	1
поводково	1
поводок	1
повредившего	1
повредившем	1
повредившие	1
повредивших	1
повредил	1
повредило	1
повреждая	1
повреждению	1
повреждениями	1
поврежденном	1
поврежденный	1
поврежденным	1
повсозна	1
повторений	1
повторилось	1
повторов	1
повторяет	1
повторяю	1
повторяющееся	1
повторяя	1
повышение	1
повышенной	1
поглощающей	1
пограничная	1
погруженных	1
подарившими	1
подбирают	1
подбородочные	1
подбугорья	1
подвергающаяся	1
подверженной	1
подвешено	1
подвздошн	1
подвздошное	1
подвздошный	1
подвздошных	1
подвижного	1
подвижнос	1
подвижности	1
подвижными	1
подвластно	1
подводим	1
подводят	1
подготовка	1
подгрудная	1
подгрупп	1
поддающихся	1
поддержание	1
поддержи	1
поддержива	1
поддерживает	1
поддерживающие	1
поддерживающих	1
поджел	1
поджелудоч	1
поджелудочно	1
поджелудочного	1
подключичную	1
подключичным	1
подкожная	1
подкожную	1
подколен	1
подкоркой	1
подкорку	1
подлежат	1
подлежащие	1
подлежащими	1
подлежащих	1
подлинная	1
подлопаточные	1
подм	1
подмозолистых	1
подмышечная	1
поднижнечелюст	1
поднижнечелюстных	1
поднимается	1
поднимающую	1
поднятии	1
подобная	1
подобно	1
подобного	1
подобные	1
подобрать	1
подорожник	1
подошвенная	1
подпаутинного	1
подразделяются	1
подразделяющуюся	1
подросткового	1
подсерозная	1
подсерозных	1
подсистемы	1
подслизистой	1
подслизистые	1
подсматривать	1
подсознательные	1
подсознательным	1
подстилает	1
подходящее	1
подчинены	1
подчиняясь	1
подчревным	1
подчревными	1
подчревого	1
подъязычной	1
подъязычному	1
подъязычных	1
пожароопасным	1
пожилым	1
позволяющих	1
позвонкв	1
позвонко	1
позвонку	1
позвоночнике	1
позвоночное	1
позвоночной	1
позвоночном	1
позвоночному	1
позвоночные	1
позвоночным	1
познания	1
поимеющих	1
поисков	1
покажет	1
показала	1
показали	1
показан	1
показана	1
показателей	1
покаянием	1
покидают	1
покидающие	1
поключичной	1
покрова	1
покровной	1
покровные	1
покровный	1
покрывают	1
покрывающая	1
покрывающее	1
покрывающими	1
покрывая	1
покрыто	1
покрытые	1
покрытых	1
покрышечно	1
покрышечный	1
покрышковый	1
покупке	1
полей	1
полем	1
полиомиелит	1
политики	1
полной	1
полнотеинформации	1
полную	1
половину	1
половым	1
половыми	1
полого	1
положисвязь	1
положительную	1
положительные	1
положительным	1
положить	1
полосатое	1
полосатых	1
полосками	1
полостей	1
полостью	1
полудрагоценны	1
полужидкие	1
полужидкого	1
полужидкое	1
полукружных	1
полулунная	1
полулунными	1
полуперепончатая	1
полуперепончатые	1
полусуг	1
полусустав	1
полусуставы	1
полусухожильные	1
получаемым	1
получается	1
получать	1
полученная	1
полученное	1
полученной	1
получившей	1
получили	1
получите	1
полушарии	1
полушариях	1
полынь	1
полых	1
пользования	1
пользователей	1
пользуясь	1
поместив	1
помилуй	1
помимо	1
поммехи	1
помните	1
помогаете	1
помогать	1
понимание	1
понос	1
поныне	1
поочередно	1
попадании	1
попадания	1
попасть	1
попеременное	1
поперечнике	1
поперечного	1
поперечные	1
попытаться	1
поравого	1
поражения	1
пораженных	1
пориц	1
портальной	1
портальную	1
портняжные	1
порцию	1
порция	1
порчи	1
порядкам	1
порядков	1
посвая	1
посвященным	1
последовательно	1
последовательность	1
последст	1
последстви	1
последующим	1
последующую	1
послеоперационные	1
послн	1
посмотрев	1
посмотрите	1
пособия	1
посредстве	1
поставлен	1
поставленной	1
поставляемые	1
постаортальные	1
посткапиллярных	1
посткапилляры	1
посторонних	1
постоянного	1
постоянное	1
постоянной	1
постоянным	1
постоянных	1
постоянство	1
построение	1
построенных	1
поступаем	1
поступающие	1
поступающую	1
поступая	1
поступках	1
поступки	1
поступление	1
поступок	1
постцент	1
постцентральную	1
посылаемых	1
потени	1
потенциальная	1
потерейсознания	1
потерять	1
потовые	1
потовыми	1
поток	1
потоки	1
потреба	1
потребители	1
потребление	1
потребнос	1
потребностями	1
потребуются	1
потрес	1
похвальная	1
похожи	1
похожиеспектры	1
похудании	1
почечнике	1
почечниковое	1
почечного	1
почечное	1
почечном	1
почечному	1
почечный	1
почку	1
почткалии	1
почувствовав	1
пощипывания	1
появилось	1
появление	1
появлению	1
появляется	1
появляясь	1
пояопаточ	1
пояском	1
пояснич	1
поясничная	1
поясничном	1
поясничным	1
поясную	1
пра	1
правильно	1
правильного	1
правлени	1
правленн	1
правляюм	1
православии	1
православию	1
православной	1
правым	1
практику	1
практическая	1
практический	1
практическом	1
прана	1
праобраз	1
пре	1
пребывания	1
превратиться	1
превращаемся	1
превращается	1
превращающая	1
превращающейся	1
превращающий	1
превращающийся	1
превышает	1
превышать	1
предаортальные	1
предгортанные	1
преддвер	1
преддверия	1
преддверному	1
преддверный	1
пределах	1
пределы	1
предельно	1
предзрительное	1
прединсультное	1
прединфарктное	1
предкрышечное	1
предлети	1
предлобные	1
предназначена	1
предназначенные	1
предназначенный	1
предопухолевое	1
предотвратить	1
предохраняет	1
предплечья	1
предпозвоночные	1
предпривратниковая	1
предрасположенности	1
предрасположенность	1
предроавма	1
предсердиями	1
предсердный	1
предсказываемые	1
представитель	1
представления	1
представленную	1
представленные	1
представленный	1
представляющая	1
представляющего	1
представляющее	1
представляющим	1
предстани	1
предтрахеаль	1
предузелки	1
предушные	1
предцентр	1
предыдущему	1
предынсультное	1
преждевреме	1
прекапиллярных	1
прекращаясь	1
прекращения	1
премии	1
пренатальном	1
преобладанию	1
преобладают	1
преобразование	1
преобразователи	1
преобразует	1
преобразуют	1
препаратов	1
препятст	1
препятствием	1
препятствует	1
препятствующего	1
препятствующий	1
препятствующую	1
препятствуя	1
пререгородки	1
прерывные	1
пресвятой	1
преславное	1
преумножить	1
прецентральную	1
приапатологии	1
прибегнуть	1
приближается	1
приближаясь	1
приблизительно	1
прибора	1
приведенного	1
приведенный	1
приведенным	1
приведшие	1
приведший	1
приведшую	1
привел	1
привела	1
привело	1
привлекаются	1
привлечением	1
привлечения	1
привное	1
приводим	1
приводимые	1
приводят	1
приводятся	1
приводящая	1
приводящее	1
привратника	1
привязанных	1
пригласить	1
придатки	1
придатком	1
придают	1
придающие	1
придающих	1
прием	1
приема	1
приемники	1
признакам	1
признаках	1
признаки	1
приидет	1
прийтипечень	1
приказа	1
прикрепившейся	1
прикрепленных	1
прикрепля	1
прикрепляется	1
прикрепляются	1
прикрепляющие	1
прикрепляющуюся	1
прилегает	1
прилегающая	1
прилегающем	1
прилегающими	1
прилежащей	1
прилежно	1
применения	1
применяемые	1
применяемых	1
применяются	1
применяя	1
примера	1
примерной	1
примесью	1
принадлежащие	1
принесло	1
принимает	1
принимающего	1
приносят	1
приносящей	1
принципах	1
принципиальным	1
принципиальными	1
принят	1
принять	1
приобретение	1
приобретенный	1
прионн	1
природная	1
природы	1
приросшую	1
присинание	1
присно	1
присоской	1
присоску	1
приспособи	1
приспособительные	1
приспособлением	1
пристеночного	1
пристеночной	1
пристеночный	1
приступать	1
приступить	1
приступы	1
присутствуют	1
притоками	1
притягивает	1
притянули	1
приходит	1
приходится	1
причинами	1
причинно	1
пришедших	1
прлаго	1
про	1
пробел	1
пробка	1
проблем	1
проблемного	1
проблемы	1
проведенные	1
проверки	1
проверяемой	1
проверяете	1
проверяют	1
проводил	1
проводимого	1
проводит	1
проводите	1
проводить	1
проводников	1
проводящая	1
проводящему	1
проводящую	1
прогестерона	1
программированию	1
продвигается	1
продвижению	1
продвижения	1
продвину	1
продйомозг	1
продолжает	1
продолжайте	1
продолжают	1
продолжающие	1
продолжением	1
продолжения	1
продолжила	1
продолжительность	1
продольная	1
продольного	1
продольные	1
продукт	1
продуктами	1
продуктов	1
продуцирует	1
продуцируются	1
продуцирующего	1
продуцирующие	1
продыряв	1
продырявленному	1
проекциях	1
проживания	1
прожитьсчастливо	1
прозрачное	1
прозрачной	1
прозрачный	1
прозрачным	1
производимых	1
производные	1
производят	1
произвольная	1
произвольной	1
произнесения	1
произносите	1
происходить	1
происхождение	1
происхождения	1
происхоснятие	1
пройтинад	1
проказа	1
прокл	1
прокладками	1
прокладку	1
проклят	1
прокляти	1
проксимальный	1
пролактин	1
пролегает	1
пролеска	1
промежуточно	1
промежуточном	1
промежуточных	1
пронизывают	1
пронизывающее	1
пронизывающие	1
пронизывающих	1
проникающ	1
проникновением	1
проницаемости	1
пропитывания	1
пропотевания	1
пропотевающая	1
проприоцептивной	1
пропущенные	1
просвета	1
просвети	1
просканировать	1
прославлю	1
простату	1
простейшие	1
простирается	1
простой	1
простр	1
пространственновременное	1
пространственном	1
пространственному	1
простру	1
простым	1
просуммировав	1
просыпаетесь	1
протекания	1
протекают	1
протекающая	1
протеус	1
противника	1
противопоставляющие	1
противоречивы	1
протоке	1
протоку	1
протоструктуру	1
проточную	1
протяжении	1
протяженность	1
профессиональный	1
прохода	1
проходите	1
проходов	1
проходы	1
проходящие	1
проходящий	1
проходящим	1
прохороше	1
процедура	1
процедуры	1
процента	1
процй	1
прочесть	1
прочитать	1
прочность	1
прочностью	1
прочные	1
прошивают	1
прошки	1
прощать	1
проще	1
проявлением	1
проявляя	1
пррел	1
прстн	1
прямо	1
прямого	1
прямойп	1
прямокишечное	1
прямокишечные	1
прямоугольника	1
прямыемышцы	1
прямым	1
прямыми	1
псевдобактерийная	1
псиахщением	1
психическое	1
психобиоэнергети	1
психологическая	1
психосоматических	1
психотравму	1
пт	1
птиалин	1
птичий	1
птичьейшпоры	1
пузырек	1
пузыржелчны	1
пузырного	1
пузырный	1
пузырька	1
пузырьками	1
пульпа	1
пульпы	1
пультов	1
пультыуправления	1
пункт	1
пунктиром	1
пункты	1
пупком	1
пуповина	1
пупок	1
пур	1
пуркинье	1
пусзыр	1
пустое	1
путямчерез	1
пучками	1
пучком	1
пучкомногомерная	1
пфайфера	1
пца	1
пывенная	1
пырей	1
пысто	1
пытаемся	1
пытаясь	1
пью	1
пярис	1
пясти	1
пястно	1
пястьоб	1
пят	1
пятна	1
пяточная	1
пяточное	1
пятым	1
пять	1
рабов	1
работающего	1
работающей	1
работающих	1
работоспособности	1
работоспособность	1
рабочих	1
равлег	1
равна	1
равноправно	1
равным	1
раврд	1
рад	1
радиальные	1
радиэстезией	1
радиэстезии	1
радиэстезически	1
радиэстезический	1
радиэстетическое	1
радужка	1
радужках	1
радужной	1
радуйся	1
разбиваем	1
разбивается	1
разбиваются	1
разбросано	1
разбросаны	1
развернуты	1
разветвления	1
разветвляющуюся	1
развивается	1
развод	1
разворачивает	1
развязать	1
разделен	1
разделенная	1
разделено	1
разделить	1
разделяется	1
разделяют	1
разделяются	1
разделяющего	1
разделяющий	1
разделяющих	1
раздражаются	1
раздражая	1
раздражений	1
раздражения	1
раздражителей	1
раздражители	1
различающихся	1
различение	1
различного	1
различную	1
размер	1
размерам	1
размеров	1
размером	1
размещаем	1
размещенных	1
размножаться	1
разнородной	1
разносящие	1
разный	1
разнымилюдьми	1
разочаровать	1
разработан	1
разработанной	1
разработанному	1
разработанный	1
разработки	1
разрастаний	1
разрастания	1
разресп	1
разрешающую	1
разрешить	1
разрушенови	1
разрушители	1
разрывает	1
разрывается	1
разрывать	1
разрывая	1
разъединяться	1
раинферн	1
раковин	1
раковинами	1
раковине	1
ракцы	1
ральных	1
рам	1
рамик	1
рамител	1
рамках	1
раммс	1
рамьт	1
рас	1
расаха	1
распадаются	1
распознают	1
располагаться	1
располагаю	1
располагающейся	1
располагающиеся	1
располагающимся	1
расположена	1
расположенным	1
расположенными	1
распределение	1
распродукт	1
распространение	1
распространения	1
распространенности	1
распространенные	1
распространены	1
распространяется	1
распространяются	1
распухла	1
рассасыванию	1
рассасывать	1
рассасывают	1
рассеивания	1
расслаблены	1
расслабляться	1
рассматрива	1
рассматриваемые	1
рассматривать	1
рассматривают	1
рассматриваются	1
рассмотрения	1
рассогласо	1
рассогласован	1
рассогласовании	1
рассогласованию	1
рассоп	1
рассосалась	1
рассосаться	1
расстояния	1
расстройства	1
расстройствах	1
рассть	1
рассудка	1
раствор	1
растворяются	1
растения	1
растительную	1
растяжении	1
растяжения	1
расходится	1
расходные	1
расходуются	1
расходящие	1
расширен	1
расширена	1
расширенный	1
расширенным	1
расширенных	1
расширяться	1
расширяющу	1
расшифровывать	1
расщепление	1
расщепления	1
расщепляющий	1
ратноиии	1
рац	1
рацие	1
ращ	1
рв	1
рганодругих	1
рго	1
реагирующих	1
реакциям	1
реакциях	1
реальные	1
реальных	1
реанимационных	1
ребенкасоотношениях	1
ребенок	1
реберно	1
ребрет	1
ребро	1
рев	1
ревень	1
ревностсм	1
регенерации	1
регенерационной	1
регенерацию	1
регистрировать	1
регулируют	1
регулирующая	1
регулирующего	1
регулирующие	1
регулятор	1
регуляторная	1
редне	1
реже	1
режиме	1
резервируется	1
резервная	1
резервный	1
резервуар	1
резко	1
резкого	1
резком	1
результатам	1
результатами	1
результирующую	1
резус	1
рекомендованного	1
религией	1
религий	1
религиозных	1
религиях	1
ренвоз	1
репарагм	1
репейник	1
репще	1
ресае	1
ресничками	1
ресничная	1
ресничной	1
ресничную	1
рессии	1
ретикуло	1
ретикулосп	1
ретикуляр	1
ретикулярно	1
ретикулярные	1
рефлексогенной	1
рефлексотерапии	1
рефлексы	1
рефлекторных	1
рецепторами	1
рецепторные	1
рецепторными	1
рецидивы	1
речевую	1
речью	1
решает	1
решетчатую	1
рибло	1
риегнев	1
риипр	1
рикардас	1
рилизинг	1
рисовать	1
рисуется	1
рисунками	1
рисунки	1
ритм	1
ритме	1
ритмично	1
ритмичных	1
ритмом	1
ритму	1
ритмые	1
ркури	1
рмиач	1
рнаяьна	1
рноеи	1
рны	1
роборевн	1
рогенн	1
роговицей	1
роговицу	1
роддомов	1
родила	1
родители	1
родителям	1
родовое	1
родоначальницами	1
родоугих	1
родсжены	1
родсзь	1
родст	1
родственников	1
родыбыстры	1
родыжание	1
рождаются	1
рождении	1
рожки	1
розы	1
ромбовидная	1
ромбовидного	1
ромбовидный	1
россии	1
российских	1
российской	1
россия	1
ростки	1
ростр	1
ротов	1
ротолотка	1
рофиямышц	1
роций	1
рояти	1
рс	1
рт	1
ртвойсамоуни	1
ртгру	1
ртродис	1
рубец	1
рудимент	1
руке	1
руки	1
рулевый	1
руси	1
русыви	1
русь	1
рушетей	1
рующих	1
рцы	1
рыавлени	1
рыерные	1
рыльца	1
рырис	1
рысолевы	1
рьваги	1
рьдекаб	1
рядах	1
ряочны	1
салат	1
сальени	1
сальник	1
сальников	1
сальниковые	1
сальные	1
сам	1
сама	1
самих	1
самовосстанавливается	1
самодиагностике	1
самозовавшаяс	1
самой	1
самообра	1
самооц	1
самоочищению	1
самоочищения	1
самопрограммированию	1
саморегчун	1
самостоятельно	1
самостоятельным	1
самоубийств	1
самочре	1
самочуеская	1
самусева	1
самую	1
санскрита	1
санскритские	1
сантиметрах	1
санторини	1
сап	1
сапонария	1
сатурнтер	1
сбоев	1
сбои	1
свадхистана	1
свадхистханой	1
свекровью	1
свернутом	1
свертывание	1
свертывающийся	1
сверхнормативное	1
сверхсознания	1
светлыми	1
световая	1
световые	1
светопреломляющих	1
светочувствительной	1
свидетельствуют	1
свиноподобный	1
свободи	1
свободно	1
своевременного	1
своеобраз	1
своеобразная	1
своеобразный	1
сволокна	1
сворачиванию	1
сворачиваться	1
своя	1
свягоризонталь	1
связалы	1
связан	1
связанные	1
связано	1
связаться	1
связвлия	1
связите	1
связками	1
связывающую	1
связью	1
свякзаналами	1
свясм	1
свястр	1
святится	1
святой	1
святому	1
сгибатаким	1
сгибатель	1
сглазы	1
сгруппированными	1
сд	1
сдвинуты	1
сде	1
сделан	1
сделана	1
сеансы	1
себви	1
себе	1
севердуховность	1
сегмент	1
сегмента	1
сегментарных	1
сегментах	1
седалищного	1
седалищной	1
седалищные	1
седалищных	1
седативная	1
седле	1
седьмого	1
секретируют	1
секретов	1
секретом	1
секрецию	1
секреция	1
секторной	1
секунд	1
секундной	1
секундомер	1
селезеночное	1
селезеночной	1
селезеночную	1
семенная	1
семенник	1
семенной	1
семеричная	1
семь	1
семьи	1
семьядуша	1
семьясвязи	1
семявыбрасывающий	1
семявыбрасывающим	1
семявыносящие	1
сенсорную	1
септический	1
серал	1
серая	1
сергеевым	1
сердечного	1
сердечную	1
сердечный	1
сердечным	1
сердоликом	1
сердцем	1
сере	1
серебряного	1
сериювопросов	1
серия	1
сернисты	1
серозную	1
серозных	1
серотонин	1
серотонина	1
серповидным	1
серу	1
серыйбугор	1
серым	1
серьезной	1
серьезные	1
серьезным	1
серьезных	1
сетич	1
сетчатку	1
сетчатом	1
сетчатый	1
сетях	1
сжатияза	1
сжелезырис	1
сжечь	1
сжигании	1
сзачди	1
сигмавульва	1
сигмовидной	1
сигмовидные	1
сигмовидных	1
сигнализирует	1
сигналы	1
сидящими	1
сик	1
сикгор	1
силни	1
сильвиев	1
сильесс	1
сильное	1
сильной	1
сильные	1
сильный	1
символам	1
символах	1
символики	1
симметричными	1
симпатическими	1
симфизы	1
синай	1
синапс	1
синапсы	1
синаптические	1
синаптическую	1
синартрозы	1
синдесмозы	1
синовиальная	1
синовиальную	1
синовиальных	1
синовий	1
синовию	1
синоним	1
синостозы	1
синтезирование	1
синтезированной	1
синтезируемых	1
синтезируя	1
синусно	1
синусовый	1
синхондрозы	1
синхронизация	1
синхронизированы	1
системам	1
системное	1
ситеека	1
ситуацию	1
сифилис	1
сифилисе	1
сих	1
скажем	1
сказать	1
скапливается	1
скарлатина	1
скелета	1
скелете	1
скелетную	1
ские	1
скк	1
складками	1
складчатое	1
складчатому	1
складчатую	1
склера	1
скмуж	1
скобках	1
ского	1
скольжение	1
скользким	1
скользящая	1
скользящей	1
скользящие	1
скопировать	1
скорбей	1
скорлупа	1
скорость	1
скорый	1
скрытую	1
скрытый	1
сксть	1
скукаантагонизм	1
скуловая	1
скупор	1
скучно	1
сл	1
слабее	1
слабый	1
слабыйрис	1
сладкое	1
следлюбой	1
следственных	1
следствие	1
следуемого	1
следующему	1
следующую	1
следы	1
слезная	1
слезную	1
слезный	1
слезными	1
слезы	1
слезыь	1
слепое	1
слепой	1
слепокишечные	1
слепую	1
сливающимися	1
слившаяся	1
слившиеся	1
слизистое	1
слизистую	1
слизистыми	1
слизью	1
слкси	1
слов	1
словам	1
словами	1
сложенной	1
сложна	1
сложнейшая	1
сложного	1
сложное	1
сложнопостроенный	1
слои	1
слота	1
слою	1
слтвенное	1
слу	1
слуxовой	1
служат	1
слуховую	1
случаеви	1
слущивающийся	1
слы	1
слюнными	1
слюноотделитель	1
слюноотделительных	1
слюну	1
смазанный	1
смачивается	1
смертоносной	1
смертоносную	1
сместить	1
смешанной	1
смешанные	1
смещению	1
смещенных	1
сможет	1
смородина	1
смотрите	1
смотрящей	1
смыкаться	1
смыкаются	1
смыслом	1
снабжают	1
снабжающем	1
снабжена	1
снабжение	1
снабженные	1
сналс	1
снижает	1
снижающий	1
снижением	1
снизу	1
снимаетсильные	1
снимается	1
снимать	1
сновидное	1
сноия	1
сные	1
снят	1
снята	1
собиратель	1
собирательную	1
собирают	1
собирающая	1
собирающие	1
собирающим	1
соблюдается	1
соблюдаться	1
соблюдаются	1
соблюдение	1
собранная	1
собраны	1
собственное	1
совершает	1
совершать	1
совершение	1
совершеннейшая	1
совершенно	1
совершенных	1
совместной	1
совокупления	1
совпадать	1
совпадут	1
современная	1
современный	1
совсем	1
согревается	1
содержания	1
содержать	1
содержащиеся	1
содержащим	1
содержащих	1
содержащую	1
содержимого	1
содсво	1
соеди	1
соединение	1
соединенного	1
соединенной	1
соединенные	1
соединены	1
соединившей	1
соединитель	1
соединительноткан	1
соединительнотканная	1
соединительными	1
соединяют	1
соединяющего	1
соединяющееся	1
соединяющим	1
соединяющих	1
соединяющихся	1
созгот	1
создает	1
создан	1
созданных	1
создают	1
созн	1
сознан	1
сознандуша	1
сознательная	1
сознательно	1
созревания	1
созревают	1
созревших	1
созревшую	1
соименных	1
соитивыс	1
сокращаться	1
сокращающийся	1
сокращениях	1
сокруши	1
сол	1
солевого	1
солевую	1
соленому	1
соливыпродолговатого	1
солитонов	1
солитоном	1
солнечного	1
солнорно	1
солнца	1
солнцеме	1
соляную	1
соматических	1
соматостатин	1
соматотропин	1
сомнения	1
сон	1
сонныминервами	1
соннымнервом	1
сообщать	1
сообщаются	1
сообщающийся	1
сообщающуюся	1
соответственно	1
соответствующего	1
соответствующей	1
соответствующем	1
соотноше	1
соприкасаемся	1
соприкасается	1
соприкасаются	1
сопровождаемых	1
сопровождаться	1
сопротивныя	1
сорочка	1
сосание	1
соседними	1
соседстве	1
соска	1
сосковидно	1
соском	1
соску	1
сосочек	1
сосочка	1
сосочкам	1
сосочковое	1
сосочковый	1
соср	1
сосре	1
соста	1
составе	1
составляются	1
составляя	1
составная	1
состоянием	1
состоянию	1
состоящем	1
состоящих	1
сосуде	1
сосудики	1
сосудистом	1
сосудистыми	1
сосудодвигательного	1
сосцевидный	1
сосцевидных	1
сотнями	1
сотпроблема	1
сотрудники	1
сохрани	1
сохранивших	1
сохранит	1
сохраняя	1
социум	1
сочделенн	1
сочетани	1
сочетанием	1
сошник	1
спазма	1
спайку	1
спака	1
спаса	1
спасения	1
спасет	1
спать	1
спектральных	1
спектром	1
сперматогенными	1
сперматозоиды	1
сперме	1
специализа	1
специализированных	1
специально	1
специальную	1
специальный	1
специфических	1
спида	1
спине	1
спинмозпго	1
спинномозго	1
спинномозговыми	1
спиннпн	1
спинпродолговатого	1
спиральтор	1
спиритические	1
спл	1
сплав	1
сплетениям	1
сплетениях	1
сплетни	1
спматки	1
спонтанно	1
спорогенные	1
способам	1
способная	1
способно	1
способностей	1
способные	1
способных	1
способствует	1
способствующие	1
способу	1
справа	1
справиться	1
справляется	1
срабатывает	1
сравнению	1
сравнивая	1
сравнительно	1
срараа	1
сращена	1
сращение	1
сращенным	1
средами	1
срединная	1
срединные	1
срединный	1
среднезапястный	1
среднему	1
средостение	1
срок	1
срочно	1
сса	1
ссдругое	1
ссора	1
ссстре	1
сственных	1
ссуры	1
ссы	1
ссылкой	1
ста	1
став	1
стадий	1
стазем	1
стандартной	1
становятся	1
станут	1
старен	1
старении	1
старый	1
старых	1
статического	1
статок	1
статокониями	1
стать	1
ственн	1
ствие	1
ствое	1
стволов	1
ствомпрел	1
стей	1
стекловидную	1
стекловфа	1
стемы	1
стенкwww	1
стенкам	1
стенкой	1
стенописи	1
стероидных	1
стирание	1
стихуха	1
сто	1
стоин	1
столба	1
столбик	1
столбняк	1
столбов	1
столбом	1
столбы	1
столь	1
столько	1
стона	1
стопа	1
стопаухо	1
сторона	1
сторонажелудок	1
сторонамочеполовая	1
сторонаправая	1
сторонасинусы	1
стороне	1
стороннюю	1
сточвя	1
стоящих	1
страдать	1
страдающих	1
страницами	1
странс	1
страшно	1
стрелка	1
стрелки	1
стрелкой	1
стремительные	1
стрептококки	1
строгую	1
строению	1
строится	1
строка	1
струей	1
структурам	1
структурно	1
структурный	1
структурными	1
структурных	1
струн	1
студенистого	1
студенистое	1
студенистые	1
студентов	1
студневидное	1
ступени	1
ступни	1
стхан	1
сты	1
стыдь	1
стык	1
стьащ	1
стьног	1
стью	1
стямиюдьм	1
суа	1
субарахноидальной	1
субарахноидальным	1
субдуральным	1
субстанции	1
субталамуса	1
судороги	1
сужает	1
сужением	1
сульф	1
сумеречное	1
сумка	1
сумке	1
сумкой	1
суммарное	1
супрессоры	1
супруга	1
супрутравма	1
сур	1
сустава	1
суставами	1
суставах	1
суставную	1
суставыплеча	1
сути	1
сухожилие	1
сухожилием	1
сухожильными	1
сущ	1
существенную	1
существовал	1
существование	1
существовании	1
существующих	1
сущмопрн	1
сущн	1
сущностях	1
сферические	1
сферического	1
сфинктерам	1
сфинктерами	1
сфинктере	1
сфинктером	1
сфинктеры	1
сформированное	1
сформированы	1
сформулировать	1
схеме	1
схему	1
схемы	1
сходна	1
считает	1
считаются	1
считывать	1
сыворотки	1
сыкипяч	1
сын	1
сыне	1
тааор	1
таблетками	1
тавсд	1
тадияранняя	1
тазаднепрохо	1
тазамочевой	1
тазобедр	1
тазобедренной	1
тазобедренных	1
тазового	1
тазовый	1
тайнопись	1
таковой	1
такое	1
такой	1
таком	1
такую	1
таламическ	1
тальном	1
тальный	1
тапищевод	1
таранная	1
татос	1
таюес	1
твеедс	1
твенники	1
твено	1
твенущ	1
твердая	1
твердого	1
твердое	1
твердую	1
твердым	1
твоего	1
твоеяныне	1
твоихпроизведи	1
твой	1
творити	1
твурчес	1
твы	1
тдиеаллььная	1
тебе	1
тевлок	1
текстах	1
телахи	1
телевизор	1
тели	1
телодендрии	1
теломераза	1
тельнаясистема	1
тельныеаккумуляторы	1
тельных	1
тельце	1
теменную	1
темная	1
темной	1
температура	1
температурные	1
температуры	1
тенрас	1
теоуслоы	1
тепе	1
тепло	1
тепловой	1
теплоизолирующая	1
теплопродуцирующая	1
тер	1
тераанонные	1
терапия	1
терминальная	1
терминальную	1
терморегуляторную	1
терморегуляционную	1
тесном	1
тестостерона	1
тестостероноподобных	1
тетракокк	1
тетраэдр	1
тех	1
технике	1
техническим	1
техорганов	1
течет	1
тещей	1
тиамин	1
тиеого	1
тизмфи	1
тикостерона	1
тимозин	1
тимопоэтин	1
тимьян	1
тин	1
типа	1
типичный	1
тиреокальцитонин	1
тиреотропин	1
тирин	1
тироксин	1
титуомс	1
тиф	1
тич	1
тической	1
тия	1
тк	1
ткаань	1
ткакле	1
тканевая	1
тканевом	1
тканевыми	1
тканед	1
тканямвысокую	1
тканями	1
ткдце	1
тктре	1
тнимая	1
тноокружающих	1
тны	1
тобою	1
товдр	1
товнед	1
товтр	1
товхи	1
тогее	1
тогие	1
тогин	1
тоже	1
токсиоритмо	1
тол	1
толокнянка	1
толстого	1
толстую	1
толстый	1
толстыйи	1
толчками	1
толщу	1
тому	1
тонизирующая	1
тонким	1
тонкоматери	1
тонкоматериального	1
тонкоматериальным	1
тонкомкишечнике	1
тонкому	1
тонксвяз	1
тонкы	1
тончайшие	1
тор	1
тормозящие	1
тормозящим	1
тоски	1
точенами	1
точку	1
точная	1
точноенахождение	1
точностью	1
тощую	1
траани	1
трабекулами	1
травматизацией	1
травмд	1
травмнов	1
травол	1
традицией	1
традиции	1
традругие	1
траекторию	1
траног	1
трансдругие	1
транспорт	1
транспортировка	1
транспортной	1
транспортную	1
транссудат	1
трансформация	1
трансформироваться	1
трапециевидное	1
трапеция	1
трахеиты	1
трахеобронхиального	1
трахеобронхиальном	1
трахеобронхиальный	1
требуют	1
требующие	1
треер	1
трем	1
тремора	1
треморазона	1
тремя	1
трепервы	1
третьего	1
третьей	1
третьих	1
треу	1
треуй	1
трехглавая	1
трехгранная	1
трехстворчатый	1
трехстворчатым	1
тригемино	1
трийодотиронин	1
трисмегиста	1
трисмегисту	1
трихомонада	1
трихор	1
трихоцефал	1
трицат	1
тричс	1
трмышцы	1
троичного	1
тройничные	1
тройничных	1
тройного	1
тройнойобогрев	1
тройственное	1
тромбозом	1
тромбофлебит	1
тромбоцитов	1
тромбоэмболия	1
тропных	1
троф	1
трофическая	1
трубкагол	1
трубкарис	1
трубку	1
трубные	1
трубой	1
трубочка	1
трубчатые	1
труднопереносимыми	1
трудоемкий	1
труис	1
трупы	1
тры	1
тствчной	1
туберкулез	1
тур	1
турецком	1
турой	1
тщательно	1
тщательному	1
тщена	1
тыльныеобл	1
тыми	1
тысяч	1
тысячелистник	1
тысячи	1
тьиде	1
тьчув	1
тью	1
тьясн	1
тя	1
тягучая	1
тяжей	1
тяжестей	1
тяжести	1
тяжестью	1
тяжи	1
тями	1
тямивязия	1
тянется	1
уа	1
убийством	1
убийствчувст	1
убирается	1
убираются	1
убрав	1
ув	1
увеес	1
увеличению	1
увеличить	1
увидев	1
увидеть	1
увлажнение	1
увлажняется	1
увлажняющий	1
уг	1
угаритской	1
угвли	1
угиок	1
углекислым	1
углсу	1
углублениями	1
углы	1
угнетающий	1
уготре	1
угрожающих	1
удается	1
удалив	1
удалось	1
удаляемих	1
удаляются	1
удар	1
удары	1
уделивособое	1
удиозб	1
удлиненных	1
удлиняться	1
удобнее	1
удобной	1
удобным	1
удостовериться	1
удостоверяет	1
удостоены	1
удх	1
ужа	1
ужаса	1
ужиед	1
узкую	1
узлами	1
узлах	1
узлом	1
узлу	1
узнатьпричины	1
укагрудн	1
укажет	1
указания	1
указанные	1
указано	1
указаны	1
указывается	1
укрепи	1
укрепится	1
укроп	1
укрупненную	1
укрупняющимся	1
уктура	1
уктурыног	1
улавливающей	1
улитке	1
улитковой	1
улитковому	1
улучшение	1
уль	1
ультрафильтрация	1
улялиды	1
уляцна	1
умений	1
уменьш	1
уменьшающую	1
уменьшением	1
умние	1
умножьте	1
умраз	1
умст	1
уни	1
универсальному	1
уникального	1
уникальной	1
уникальную	1
уничтожается	1
уничтожать	1
уничтожающими	1
уничтожая	1
уничтожить	1
уносят	1
уны	1
упана	1
упают	1
уплотнение	1
уплощенными	1
упомянутым	1
упорядоченная	1
упорядоченные	1
употребительные	1
употребл	1
употребляют	1
упр	1
управляемых	1
управляет	1
управляться	1
управляющего	1
управляющее	1
управляющий	1
управляющим	1
управляющую	1
управляя	1
упрак	1
упроси	1
упругой	1
упруп	1
уравнях	1
урана	1
урандругие	1
уретра	1
уретраколено	1
уретре	1
уретру	1
уретры	1
уриич	1
урные	1
уро	1
уровей	1
уровней	1
уры	1
ус	1
усеивающие	1
усеянным	1
усиленном	1
усиливает	1
ускорения	1
ускорить	1
ускоряющим	1
ускоряющих	1
услет	1
условия	1
условная	1
условные	1
условный	1
условных	1
усотер	1
успешного	1
успокаивающая	1
уссрган	1
устанавливать	1
устанавливая	1
установив	1
установить	1
установкам	1
установками	1
установление	1
устно	1
устойчивое	1
устойчивость	1
устойчивую	1
устраивая	1
устранена	1
устранением	1
устрани	1
устранив	1
устранять	1
устраняют	1
устраняющий	1
устремляется	1
усыпальницы	1
утегоро	1
уточним	1
уточнить	1
уточняем	1
утствессия	1
утфиз	1
утяжелен	1
ухи	1
уховиче	1
уходит	1
уху	1
ухудшения	1
участвующий	1
участием	1
участии	1
участку	1
учащает	1
учащением	1
учебного	1
учебных	1
учения	1
ученых	1
учетом	1
учитывать	1
учреждений	1
уш	1
ушах	1
ушахзона	1
ушей	1
уши	1
ушиглаза	1
ушити	1
ушные	1
ушными	1
ушья	1
ущдругие	1
ущемленного	1
ущест	1
уществаикт	1
ующ	1
уязвим	1
фазы	1
файлы	1
файлыподсознания	1
факторы	1
фаланговые	1
фаллопиевы	1
фантома	1
фантомов	1
фантому	1
фасциях	1
фат	1
фатерова	1
февраль	1
февраля	1
феврт	1
фибрин	1
фибриноген	1
фибринозный	1
фибробластов	1
фибробласты	1
фиброзную	1
фиброзные	1
фиброзным	1
фиброзных	1
фиброциты	1
фигура	1
физ	1
физием	1
физиологии	1
физиология	1
физичес	1
физическ	1
физическая	1
физически	1
физног	1
фиками	1
фиксируя	1
философом	1
фильтрация	1
фильтрует	1
фио	1
фо	1
фолия	1
фоллем	1
фолликул	1
фолликула	1
фолликулами	1
фоллязона	1
фоллякардиальное	1
фоллякруглосу	1
фоллямоторная	1
фоллямышечно	1
фолляо	1
фолляпингала	1
фоллячувствительная	1
форм	1
формациев	1
формирование	1
формированием	1
формировании	1
формироваться	1
формируемые	1
формируются	1
формирующее	1
формирующееся	1
формирующему	1
формирующиеся	1
формирующую	1
формула	1
формулировка	1
фосфат	1
фоторецепторов	1
фрагмади	1
фридландера	1
фронтальный	1
фруктозой	1
фруктозы	1
фт	1
фундаментальных	1
функциональная	1
функционального	1
функция	1
футляры	1
хаббардом	1
характер	1
характерна	1
характерны	1
хвоста	1
хвостатого	1
хвостатое	1
хвосте	1
хвостового	1
хд	1
хелперы	1
хея	1
хзчен	1
хиазме	1
хиазмы	1
химического	1
химозин	1
химотрипсин	1
хина	1
хирургичес	1
хирургическим	1
хищени	1
хл	1
хламидии	1
хлеб	1
хло	1
хлориий	1
хмель	1
хн	1
ховни	1
ховооссле	1
хода	1
ходах	1
ходе	1
ходсоном	1
хожильная	1
хол	1
холестериновых	1
холецистит	1
холод	1
холода	1
холодной	1
хондробласты	1
хондрокласты	1
хорды	1
хорошего	1
хорошие	1
хосоле	1
хотим	1
хочет	1
хощеши	1
хп	1
хр	1
хранится	1
хранящиеся	1
хрен	1
христиане	1
христианства	1
христу	1
хромафинные	1
хромаффинных	1
хромосом	1
хромосомах	1
хронические	1
хроническим	1
хроническими	1
хроническую	1
хросин	1
хрусталиков	1
хрящевом	1
хрящом	1
хх	1
ххi	1
ца	1
царствие	1
цб	1
цбдуша	1
цве	1
цвемо	1
цветовое	1
цветом	1
цветост	1
цветотерапия	1
цвету	1
це	1
цегилюс	1
целей	1
целена	1
целит	1
целитекра	1
целительные	1
целительства	1
целительство	1
целое	1
целонефродермальный	1
целостность	1
целэгрегор	1
ценкамоо	1
центвл	1
центральному	1
центральных	1
центрами	1
центробежным	1
центростремительным	1
цепи	1
цереброспинальная	1
цереброспинальной	1
церис	1
ции	1
ций	1
цикла	1
цикорийбрусника	1
цилиарное	1
цилиндрическое	1
цинснн	1
цио	1
ционная	1
ционнаяучастки	1
циркуляция	1
цисин	1
цистеитин	1
цистерн	1
цистерна	1
цистерну	1
цитов	1
циумомрис	1
цифрами	1
цифровом	1
цифру	1
цию	1
ция	1
цияфосфат	1
цн	1
цна	1
цо	1
цсолн	1
цы	1
цющвие	1
чабрецлекарственные	1
чага	1
чае	1
чаелу	1
чайной	1
чакральных	1
чакрамиоиг	1
часо	1
часовой	1
частейи	1
частиц	1
частица	1
частицей	1
частных	1
частотой	1
частоту	1
чего	1
чекудо	1
человеблизког	1
человеке	1
человеом	1
человеческ	1
человеческой	1
человечества	1
человечество	1
челюстьключица	1
челюстьнебо	1
чему	1
чен	1
чени	1
чении	1
чениу	1
чених	1
ченпо	1
чер	1
черника	1
черномагические	1
черны	1
чес	1
ческеиеи	1
ческими	1
ческих	1
ческого	1
ческому	1
четвертая	1
четвертым	1
четкая	1
четкой	1
четкость	1
четырехглавые	1
четырехгранник	1
чечнбо	1
чешуйчатый	1
чижениегоре	1
чиненсоры	1
чисел	1
числадругое	1
числами	1
числовому	1
числом	1
числу	1
чистотел	1
чистым	1
читатель	1
читателям	1
чихание	1
чихании	1
чицклю	1
чичн	1
чичныр	1
чк	1
чкиобо	1
чноси	1
чноыш	1
чо	1
чподжелудочной	1
чребо	1
чрева	1
чревные	1
чревный	1
чревныйнерв	1
чревныйузел	1
чреенвине	1
чрезмерному	1
чстувств	1
чув	1
чувства	1
чувстви	1
чувствитель	1
чувствительная	1
чувствительностью	1
чувствительную	1
чувствует	1
чужеродную	1
чужеррные	1
чужилю	1
чужую	1
чутся	1
чь	1
чье	1
шалфей	1
шаров	1
швовналожен	1
шеераз	1
шейки	1
шейное	1
шемич	1
шеров	1
шести	1
шестой	1
шея	1
шеяточки	1
ши	1
шиесс	1
шинством	1
шире	1
ширина	1
широкий	1
широкихпределах	1
широкого	1
широкое	1
широчайшая	1
шишковидная	1
шкале	1
шлаков	1
шок	1
шоца	1
шпилькообразную	1
шпорнойборозды	1
штамп	1
штриховка	1
шумл	1
шумлянского	1
ща	1
щаю	1
щаяся	1
щеимм	1
щелей	1
щелин	1
щелочного	1
щение	1
щечна	1
щечные	1
щи	1
щиепере	1
щий	1
щитов	1
щитовидную	1
щитовидные	1
щих	1
щностьрис	1
ылоюч	1
ыр	1
ырмопуз	1
ысказыей	1
ысл	1
ытный	1
ыто	1
ытоем	1
ыть	1
ышцво	1
ьгамов	1
ье	1
ьмине	1
ьнире	1
ьнлоп	1
ьноеа	1
ьномпы	1
ьнотел	1
ьны	1
ьссистему	1
ьствлицеме	1
ьтовидн	1
ьуост	1
ьф	1
ьце	1
ьш	1
ьшсая	1
ью	1
ьютер	1
эвкалипт	1
эг	1
эгр	1
эгре	1
эгрегоров	1
эгрегором	1
эд	1
эзотерических	1
эзотерической	1
эк	1
экологии	1
экологического	1
экологическое	1
экология	1
экране	1
эксперимент	1
экспериментальной	1
экспериментатору	1
эксперименты	1
эксперта	1
экссудат	1
экссудата	1
экстрасенсов	1
экстремальных	1
эл	1
эластические	1
эластичности	1
эластичность	1
электропунктуры	1
элемент	1
эллиптический	1
эллиптическим	1
эллиптического	1
эм	1
эмбол	1
эмбриональная	1
эмиссарных	1
эмоциональное	1
эмоциональную	1
эмоциям	1
эндокардит	1
эндокрин	1
эндокринные	1
эндокринных	1
эндолимфа	1
эндолимфе	1
эндолимфой	1
эндометрия	1
эндорфины	1
эндотелиальная	1
эндотелиальной	1
эндотелий	1
эндофины	1
эне	1
энеия	1
энеога	1
энергетичес	1
энергетическими	1
энергетическом	1
энергиы	1
энерго	1
энергоин	1
энергоинформа	1
энергоинформаци	1
энергоинформационном	1
энергоснабжения	1
энердготоченносттисутствие	1
энтерококк	1
энториальные	1
энцефалит	1
эпендимную	1
эпендимоглиальный	1
эпендимоцитами	1
эпендимоцитов	1
эпендиму	1
эпидермис	1
эпикардом	1
эпиталамуса	1
эпитамическая	1
эпителиоциты	1
эпифизах	1
эптела	1
эритроцитами	1
эстрадиолу	1
эстроген	1
эстрогенам	1
эстрогенов	1
эстрогены	1
этажа	1
этапов	1
этиологией	1
эфиви	1
эфирдуховное	1
эфирной	1
эфирную	1
эфирный	1
эфузл	1
эффекта	1
эффективно	1
эффектом	1
эффекторы	1
эфферентные	1
эфферентным	1
эхинококковая	1
юбодеяни	1
югматериальность	1
юдейи	1
юнода	1
юся	1
ют	1
ющ	1
ющее	1
ющие	1
ющийся	1
яб	1
яблоках	1
явела	1
явиться	1
явлений	1
являющей	1
являющимся	1
явно	1
явное	1
явный	1
явных	1
ягмышечныйочный	1
ягодичная	1
ягодичной	1
ягодичные	1
ядерные	1
ядерный	1
ядерным	1
ядрами	1
ядре	1
ядроаниж	1
яе	1
языке	1
языкмногомерной	1
языкоглоточного	1
языкоглоточные	1
языку	1
язычная	1
язычных	1
язь	1
яи	1
яичек	1
яичками	1
яичке	1
яичковая	1
яичковую	1
яичку	1
яичникам	1
яичников	1
яичниковая	1
яичником	1
яичнику	1
яйц	1
яйцеклетка	1
як	1
якоже	1
яличн	1
ямка	1
ямкад	1
ямповерхности	1
январьь	1
яни	1
янири	1
янс	1
янтарем	1
японской	1
японцев	1
япрап	1
яремном	1
яремному	1
яремную	1
яремный	1
яремными	1
яремных	1
ярко	1
яркость	1
ясеньзерна	1
ясновидение	1
ясночувствование	1
яст	1
яти	1
ятн	1
ячейках	1
яю	1
яющий	1
